Name,Closet Image,Storage Image,Variation,DIY,Buy,Sell,Color 1,Color 2,Size,Source,Source Notes,Version,Style,Label Themes,Catalog,Filename,Internal ID,Unique Entry ID,category
3D glasses,https://acnhcdn.com/latest/ClosetIcon/AccessoryGlassThreed0.png,https://acnhcdn.com/latest/FtrIcon/AccessoryGlassThreed0.png,White,No,490,122,White,Colorful,1x1,Able Sisters,Available from Able Sisters shop only,1.0.0,Active,party,For sale,AccessoryGlassThreed0,4463,FNxEraBTeWRiCvtFu,accessories
3D glasses,https://acnhcdn.com/latest/ClosetIcon/AccessoryGlassThreed1.png,https://acnhcdn.com/latest/FtrIcon/AccessoryGlassThreed1.png,Black,No,490,122,Black,Colorful,1x1,Able Sisters,Available from Able Sisters shop only,1.0.0,Active,party,For sale,AccessoryGlassThreed1,11020,mM9SXPCcGPfPJAmtm,accessories
bandage,https://acnhcdn.com/latest/ClosetIcon/AccessoryMouthBandageSkin.png,https://acnhcdn.com/latest/FtrIcon/AccessoryMouthBandageSkin.png,Beige,No,140,35,Beige,White,1x1,Able Sisters,Available from either Mable's temporary shop or Able Sisters shop,1.0.0,Active,outdoorsy; comfy; sporty,For sale,AccessoryMouthBandageSkin,4677,2qFT5iPkk8bREvpkj,accessories
beak,https://acnhcdn.com/latest/ClosetIcon/AccessoryMouthBeakYellow.png,https://acnhcdn.com/latest/FtrIcon/AccessoryMouthBeakYellow.png,Yellow,No,490,122,Yellow,Yellow,1x1,Able Sisters,Available from either Mable's temporary shop or Able Sisters shop,1.0.0,Cute,fairy tale; party; theatrical,For sale,AccessoryMouthBeakYellow,3549,T5CpsJi4xBSachNL5,accessories
birthday shades,https://acnhcdn.com/latest/ClosetIcon/AccessoryGlassBirthday0.png,https://acnhcdn.com/latest/FtrIcon/AccessoryGlassBirthday0.png,Yellow,No,NFS,620,Yellow,Red,1x1,Birthday,,1.0.0,Gorgeous,party,Not for sale,AccessoryGlassBirthday0,4510,S6CiB9ZvzBTMhEnDz,accessories
birthday shades,https://acnhcdn.com/latest/ClosetIcon/AccessoryGlassBirthday1.png,https://acnhcdn.com/latest/FtrIcon/AccessoryGlassBirthday1.png,Pink,No,NFS,620,Pink,Pink,1x1,Birthday,,1.0.0,Gorgeous,party,Not for sale,AccessoryGlassBirthday1,11217,g3MPcmAKM4z5h8KYX,accessories
birthday shades,https://acnhcdn.com/latest/ClosetIcon/AccessoryGlassBirthday2.png,https://acnhcdn.com/latest/FtrIcon/AccessoryGlassBirthday2.png,Red,No,NFS,620,Red,Pink,1x1,Birthday,,1.0.0,Gorgeous,party,Not for sale,AccessoryGlassBirthday2,11218,ojXoAAj8Bs2XgRiWB,accessories
birthday shades,https://acnhcdn.com/latest/ClosetIcon/AccessoryGlassBirthday3.png,https://acnhcdn.com/latest/FtrIcon/AccessoryGlassBirthday3.png,Blue,No,NFS,620,Light blue,Green,1x1,Birthday,,1.0.0,Gorgeous,party,Not for sale,AccessoryGlassBirthday3,11219,Yr9mRJaZM44554oTS,accessories
bottom-rimmed glasses,https://acnhcdn.com/latest/ClosetIcon/AccessoryGlassLoose0.png,https://acnhcdn.com/latest/FtrIcon/AccessoryGlassLoose0.png,Red,No,1100,275,Red,Red,1x1,Able Sisters,Available from Able Sisters shop only,1.0.0,Simple,everyday; comfy; work,For sale,AccessoryGlassLoose0,4597,ZHqtvcoqqDpJLf9Pc,accessories
bottom-rimmed glasses,https://acnhcdn.com/latest/ClosetIcon/AccessoryGlassLoose1.png,https://acnhcdn.com/latest/FtrIcon/AccessoryGlassLoose1.png,Purple,No,1100,275,Purple,Purple,1x1,Able Sisters,Available from Able Sisters shop only,1.0.0,Simple,everyday; comfy; work,For sale,AccessoryGlassLoose1,11081,akRhFD3qeJEPM7WiD,accessories
bottom-rimmed glasses,https://acnhcdn.com/latest/ClosetIcon/AccessoryGlassLoose2.png,https://acnhcdn.com/latest/FtrIcon/AccessoryGlassLoose2.png,Green,No,1100,275,Green,Green,1x1,Able Sisters,Available from Able Sisters shop only,1.0.0,Simple,everyday; comfy; work,For sale,AccessoryGlassLoose2,11082,EtxJZDCgnqjWkETqK,accessories
bottom-rimmed glasses,https://acnhcdn.com/latest/ClosetIcon/AccessoryGlassLoose3.png,https://acnhcdn.com/latest/FtrIcon/AccessoryGlassLoose3.png,Blue,No,1100,275,Blue,Blue,1x1,Able Sisters,Available from Able Sisters shop only,1.0.0,Simple,everyday; comfy; work,For sale,AccessoryGlassLoose3,11083,LEbiXtkHoiEMEtjWK,accessories
bottom-rimmed glasses,https://acnhcdn.com/latest/ClosetIcon/AccessoryGlassLoose4.png,https://acnhcdn.com/latest/FtrIcon/AccessoryGlassLoose4.png,Yellow,No,1100,275,Yellow,Yellow,1x1,Able Sisters,Available from Able Sisters shop only,1.0.0,Simple,everyday; comfy; work,For sale,AccessoryGlassLoose4,11084,w7bEbAGSQTvur6D6f,accessories
bottom-rimmed glasses,https://acnhcdn.com/latest/ClosetIcon/AccessoryGlassLoose5.png,https://acnhcdn.com/latest/FtrIcon/AccessoryGlassLoose5.png,Pink,No,1100,275,Pink,Pink,1x1,Able Sisters,Available from Able Sisters shop only,1.0.0,Simple,everyday; comfy; work,For sale,AccessoryGlassLoose5,11085,zpzD4NjApEyazKyKt,accessories
bottom-rimmed glasses,https://acnhcdn.com/latest/ClosetIcon/AccessoryGlassLoose6.png,https://acnhcdn.com/latest/FtrIcon/AccessoryGlassLoose6.png,Black,No,1100,275,Black,Black,1x1,Able Sisters,Available from Able Sisters shop only,1.0.0,Simple,everyday; comfy; work,For sale,AccessoryGlassLoose6,11086,eT6KLntq43nCGFvB9,accessories
browline glasses,https://acnhcdn.com/latest/ClosetIcon/AccessoryGlassThurmont0.png,https://acnhcdn.com/latest/FtrIcon/AccessoryGlassThurmont0.png,Black,No,1040,260,Black,Yellow,1x1,Able Sisters,Available from Able Sisters shop only,1.0.0,Simple,everyday; formal,For sale,AccessoryGlassThurmont0,4238,gHxascFKEJNrLCtD9,accessories
browline glasses,https://acnhcdn.com/latest/ClosetIcon/AccessoryGlassThurmont1.png,https://acnhcdn.com/latest/FtrIcon/AccessoryGlassThurmont1.png,Brown,No,1040,260,Brown,Yellow,1x1,Able Sisters,Available from Able Sisters shop only,1.0.0,Simple,everyday; formal,For sale,AccessoryGlassThurmont1,11069,9iqmzMJiAeQMBN3pk,accessories
browline glasses,https://acnhcdn.com/latest/ClosetIcon/AccessoryGlassThurmont2.png,https://acnhcdn.com/latest/FtrIcon/AccessoryGlassThurmont2.png,Green,No,1040,260,Green,Gray,1x1,Able Sisters,Available from Able Sisters shop only,1.0.0,Simple,everyday; formal,For sale,AccessoryGlassThurmont2,11070,f6h8aqEufzizYBWiH,accessories
browline glasses,https://acnhcdn.com/latest/ClosetIcon/AccessoryGlassThurmont3.png,https://acnhcdn.com/latest/FtrIcon/AccessoryGlassThurmont3.png,Gray,No,1040,260,Gray,Yellow,1x1,Able Sisters,Available from Able Sisters shop only,1.0.0,Simple,everyday; formal,For sale,AccessoryGlassThurmont3,11071,R9rDoMEzPcBw75hLE,accessories
bubblegum,https://acnhcdn.com/latest/ClosetIcon/AccessoryMouthBubblegum0.png,https://acnhcdn.com/latest/FtrIcon/AccessoryMouthBubblegum0.png,Pink,No,140,35,Pink,Pink,1x1,Able Sisters,Available from either Mable's temporary shop or Able Sisters shop,1.0.0,Simple,comfy,For sale,AccessoryMouthBubblegum0,5738,4SLmXuCkS4eBjPbLn,accessories
bubblegum,https://acnhcdn.com/latest/ClosetIcon/AccessoryMouthBubblegum1.png,https://acnhcdn.com/latest/FtrIcon/AccessoryMouthBubblegum1.png,Blue,No,140,35,Light blue,Light blue,1x1,Able Sisters,Available from either Mable's temporary shop or Able Sisters shop,1.0.0,Simple,comfy,For sale,AccessoryMouthBubblegum1,11027,9wWYKTtMdo9pWqfsM,accessories
bubblegum,https://acnhcdn.com/latest/ClosetIcon/AccessoryMouthBubblegum2.png,https://acnhcdn.com/latest/FtrIcon/AccessoryMouthBubblegum2.png,Yellow,No,140,35,Yellow,Yellow,1x1,Able Sisters,Available from either Mable's temporary shop or Able Sisters shop,1.0.0,Simple,comfy,For sale,AccessoryMouthBubblegum2,11028,79zoWzHvMBJYcwuAy,accessories
bubblegum,https://acnhcdn.com/latest/ClosetIcon/AccessoryMouthBubblegum3.png,https://acnhcdn.com/latest/FtrIcon/AccessoryMouthBubblegum3.png,Green,No,140,35,Green,Green,1x1,Able Sisters,Available from either Mable's temporary shop or Able Sisters shop,1.0.0,Simple,comfy,For sale,AccessoryMouthBubblegum3,11029,F3PoMop5MGyaxtKjZ,accessories
bubblegum,https://acnhcdn.com/latest/ClosetIcon/AccessoryMouthBubblegum4.png,https://acnhcdn.com/latest/FtrIcon/AccessoryMouthBubblegum4.png,White,No,140,35,White,White,1x1,Able Sisters,Available from either Mable's temporary shop or Able Sisters shop,1.0.0,Simple,comfy,For sale,AccessoryMouthBubblegum4,11030,r9N2a2TYhvXBKiihn,accessories
bunny nose,https://acnhcdn.com/latest/ClosetIcon/AccessoryMouthRabbit0.png,https://acnhcdn.com/latest/FtrIcon/AccessoryMouthRabbit0.png,Pink,No,560,140,Pink,Pink,1x1,Able Sisters,Available from Able Sisters shop only,1.0.0,Cute,fairy tale; party; theatrical,For sale,AccessoryMouthRabbit0,4600,bxWYgcp2YKCdKe8Cr,accessories
bunny nose,https://acnhcdn.com/latest/ClosetIcon/AccessoryMouthRabbit1.png,https://acnhcdn.com/latest/FtrIcon/AccessoryMouthRabbit1.png,Yellow,No,560,140,Yellow,Orange,1x1,Able Sisters,Available from Able Sisters shop only,1.0.0,Cute,fairy tale; party; theatrical,For sale,AccessoryMouthRabbit1,11023,y6Dp62aNQn5ixvkwf,accessories
bunny nose,https://acnhcdn.com/latest/ClosetIcon/AccessoryMouthRabbit2.png,https://acnhcdn.com/latest/FtrIcon/AccessoryMouthRabbit2.png,White,No,560,140,White,Red,1x1,Able Sisters,Available from Able Sisters shop only,1.0.0,Cute,fairy tale; party; theatrical,For sale,AccessoryMouthRabbit2,11024,ci8RKqDmqS5wD3W5k,accessories
butterfly shades,https://acnhcdn.com/latest/ClosetIcon/AccessoryGlassButterfly0.png,https://acnhcdn.com/latest/FtrIcon/AccessoryGlassButterfly0.png,Blue,No,1040,260,Black,Blue,1x1,Able Sisters,Available from either Mable's temporary shop or Able Sisters shop,1.0.0,Cool,outdoorsy,For sale,AccessoryGlassButterfly0,4608,WjbaLp9JbBGYRrb6K,accessories
butterfly shades,https://acnhcdn.com/latest/ClosetIcon/AccessoryGlassButterfly1.png,https://acnhcdn.com/latest/FtrIcon/AccessoryGlassButterfly1.png,Red,No,1040,260,Red,Brown,1x1,Able Sisters,Available from either Mable's temporary shop or Able Sisters shop,1.0.0,Cool,outdoorsy,For sale,AccessoryGlassButterfly1,11503,AZrrNvHghPTHobKL4,accessories
butterfly shades,https://acnhcdn.com/latest/ClosetIcon/AccessoryGlassButterfly2.png,https://acnhcdn.com/latest/FtrIcon/AccessoryGlassButterfly2.png,Brown,No,1040,260,Brown,Brown,1x1,Able Sisters,Available from either Mable's temporary shop or Able Sisters shop,1.0.0,Cool,outdoorsy,For sale,AccessoryGlassButterfly2,11504,rz3Pgs5XGNiQFa3t4,accessories
candy-skull mask,https://acnhcdn.com/latest/ClosetIcon/AccessoryGlassmouthCatrina0.png,https://acnhcdn.com/latest/FtrIcon/AccessoryGlassmouthCatrina0.png,Purple,No,NFS,800,White,Purple,1x1,Gulliver,,1.0.0,Gorgeous,formal; party; theatrical,Not for sale,AccessoryGlassmouthCatrina0,5666,GT3LzQZKg29riohcP,accessories
candy-skull mask,https://acnhcdn.com/latest/ClosetIcon/AccessoryGlassmouthCatrina1.png,https://acnhcdn.com/latest/FtrIcon/AccessoryGlassmouthCatrina1.png,Orange,No,NFS,800,White,Orange,1x1,Gulliver,,1.0.0,Gorgeous,formal; party; theatrical,Not for sale,AccessoryGlassmouthCatrina1,11169,xyQdqFuAkXkNs9qQ5,accessories
candy-skull mask,https://acnhcdn.com/latest/ClosetIcon/AccessoryGlassmouthCatrina2.png,https://acnhcdn.com/latest/FtrIcon/AccessoryGlassmouthCatrina2.png,Blue,No,NFS,800,White,Light blue,1x1,Gulliver,,1.0.0,Gorgeous,formal; party; theatrical,Not for sale,AccessoryGlassmouthCatrina2,11170,fev4af8sNdggceyW9,accessories
cat nose,https://acnhcdn.com/latest/ClosetIcon/AccessoryMouthCat0.png,https://acnhcdn.com/latest/FtrIcon/AccessoryMouthCat0.png,White,No,560,140,White,Pink,1x1,Able Sisters,Available from Able Sisters shop only,1.0.0,Cute,fairy tale; party; theatrical,For sale,AccessoryMouthCat0,4483,45Muns9ig4dqrsFF7,accessories
cat nose,https://acnhcdn.com/latest/ClosetIcon/AccessoryMouthCat1.png,https://acnhcdn.com/latest/FtrIcon/AccessoryMouthCat1.png,Brown,No,560,140,Brown,Beige,1x1,Able Sisters,Available from Able Sisters shop only,1.0.0,Cute,fairy tale; party; theatrical,For sale,AccessoryMouthCat1,11021,CXDCEFzBdv8DwkCyM,accessories
cat nose,https://acnhcdn.com/latest/ClosetIcon/AccessoryMouthCat2.png,https://acnhcdn.com/latest/FtrIcon/AccessoryMouthCat2.png,Navy blue,No,560,140,Blue,Black,1x1,Able Sisters,Available from Able Sisters shop only,1.0.0,Cute,fairy tale; party; theatrical,For sale,AccessoryMouthCat2,11022,ywdWXRcwKJNMMxDyj,accessories
cucumber pack,https://acnhcdn.com/latest/ClosetIcon/AccessoryMouthCucumber.png,https://acnhcdn.com/latest/FtrIcon/AccessoryMouthCucumber.png,Green,No,490,122,Green,Green,1x1,Able Sisters,Available from either Mable's temporary shop or Able Sisters shop,1.0.0,Simple,comfy,For sale,AccessoryMouthCucumber,4491,MhbCBrYX5fHxZWDuA,accessories
curly mustache,https://acnhcdn.com/latest/ClosetIcon/AccessoryMouthRollingmustacheBlack.png,https://acnhcdn.com/latest/FtrIcon/AccessoryMouthRollingmustacheBlack.png,Black,No,700,175,Colorful,Colorful,1x1,Able Sisters,Available from Able Sisters shop only,1.0.0,Simple,fairy tale; formal; party,For sale,AccessoryMouthRollingmustacheBlack,4672,9tyCrNPeibcu5NLo8,accessories
cyber shades,https://acnhcdn.com/latest/ClosetIcon/AccessoryGlassCyber0.png,https://acnhcdn.com/latest/FtrIcon/AccessoryGlassCyber0.png,Red,No,1300,325,Red,Black,1x1,Able Sisters,Available from Able Sisters shop only,1.0.0,Active,party; theatrical,For sale,AccessoryGlassCyber0,4552,3YPuxxPLkzwwNQMQd,accessories
cyber shades,https://acnhcdn.com/latest/ClosetIcon/AccessoryGlassCyber1.png,https://acnhcdn.com/latest/FtrIcon/AccessoryGlassCyber1.png,Black,No,1300,325,Black,Black,1x1,Able Sisters,Available from Able Sisters shop only,1.0.0,Active,party; theatrical,For sale,AccessoryGlassCyber1,11498,67BAc4y8aADafp9Xk,accessories
cyber shades,https://acnhcdn.com/latest/ClosetIcon/AccessoryGlassCyber2.png,https://acnhcdn.com/latest/FtrIcon/AccessoryGlassCyber2.png,Silver,No,1300,325,Gray,Black,1x1,Able Sisters,Available from Able Sisters shop only,1.0.0,Active,party; theatrical,For sale,AccessoryGlassCyber2,11499,AKakpCweRnd5hAsRB,accessories
cyber shades,https://acnhcdn.com/latest/ClosetIcon/AccessoryGlassCyber3.png,https://acnhcdn.com/latest/FtrIcon/AccessoryGlassCyber3.png,Purple,No,1300,325,Purple,Black,1x1,Able Sisters,Available from Able Sisters shop only,1.0.0,Active,party; theatrical,For sale,AccessoryGlassCyber3,11500,y2svNHScnr8cNZe86,accessories
cyber shades,https://acnhcdn.com/latest/ClosetIcon/AccessoryGlassCyber4.png,https://acnhcdn.com/latest/FtrIcon/AccessoryGlassCyber4.png,Green,No,1300,325,Green,Black,1x1,Able Sisters,Available from Able Sisters shop only,1.0.0,Active,party; theatrical,For sale,AccessoryGlassCyber4,11501,9izTCDGHSpqWrQp6T,accessories
cyber shades,https://acnhcdn.com/latest/ClosetIcon/AccessoryGlassCyber5.png,https://acnhcdn.com/latest/FtrIcon/AccessoryGlassCyber5.png,Yellow,No,1300,325,Yellow,Black,1x1,Able Sisters,Available from Able Sisters shop only,1.0.0,Active,party; theatrical,For sale,AccessoryGlassCyber5,11502,5pk9ZMDGsEzLqp24L,accessories
DAL eye mask,https://acnhcdn.com/latest/ClosetIcon/AccessoryGlassDalmask0.png,https://acnhcdn.com/latest/FtrIcon/AccessoryGlassDalmask0.png,Blue,No,NFS,1010,Blue,Blue,1x1,Dodo Airlines,Received in mail from DAL after taking certain numbers of flights,1.0.0,Simple,comfy; vacation,Not for sale,AccessoryGlassDalmask0,12128,sbkqQrHpJWMEEZLSR,accessories
DAL sunglasses,https://acnhcdn.com/latest/ClosetIcon/AccessoryGlassDalglass0.png,https://acnhcdn.com/latest/FtrIcon/AccessoryGlassDalglass0.png,Yellow,No,NFS,1010,Yellow,Blue,1x1,Dodo Airlines,Received in mail from DAL after taking certain numbers of flights,1.0.0,Gorgeous,comfy; vacation,Not for sale,AccessoryGlassDalglass0,12129,zRnkH9B3rYNMLpiTP,accessories
doctor's mask,https://acnhcdn.com/latest/ClosetIcon/AccessoryMouthMaskWhite.png,https://acnhcdn.com/latest/FtrIcon/AccessoryMouthMaskWhite.png,White,No,140,35,White,White,1x1,Able Sisters,Available from either Mable's temporary shop or Able Sisters shop,1.0.0,Simple,everyday; goth; comfy,For sale,AccessoryMouthMaskWhite,4451,vZDsrDRdgrbbiwi8N,accessories
dog nose,https://acnhcdn.com/latest/ClosetIcon/AccessoryMouthDog0.png,https://acnhcdn.com/latest/FtrIcon/AccessoryMouthDog0.png,White,No,560,140,White,Black,1x1,Able Sisters,Available from Able Sisters shop only,1.0.0,Cute,fairy tale; party; theatrical,For sale,AccessoryMouthDog0,5244,moGRcnkQihHbN89Kc,accessories
dog nose,https://acnhcdn.com/latest/ClosetIcon/AccessoryMouthDog1.png,https://acnhcdn.com/latest/FtrIcon/AccessoryMouthDog1.png,Beige,No,560,140,Orange,Black,1x1,Able Sisters,Available from Able Sisters shop only,1.0.0,Cute,fairy tale; party; theatrical,For sale,AccessoryMouthDog1,11025,zCQqXy8HLE7rDfrQf,accessories
dog nose,https://acnhcdn.com/latest/ClosetIcon/AccessoryMouthDog2.png,https://acnhcdn.com/latest/FtrIcon/AccessoryMouthDog2.png,Black,No,560,140,Black,Black,1x1,Able Sisters,Available from Able Sisters shop only,1.0.0,Cute,fairy tale; party; theatrical,For sale,AccessoryMouthDog2,11026,9JGbmWtDA3rmjf8Kc,accessories
double-bridge glasses,https://acnhcdn.com/latest/ClosetIcon/AccessoryGlassDoublebridge0.png,https://acnhcdn.com/latest/FtrIcon/AccessoryGlassDoublebridge0.png,Gold,No,1100,275,Yellow,Yellow,1x1,Able Sisters,Available from Able Sisters shop only,1.0.0,Elegant,comfy; vacation; work,For sale,AccessoryGlassDoublebridge0,4263,8QCnzjXY8KEyqf7Wa,accessories
double-bridge glasses,https://acnhcdn.com/latest/ClosetIcon/AccessoryGlassDoublebridge1.png,https://acnhcdn.com/latest/FtrIcon/AccessoryGlassDoublebridge1.png,Purple,No,1100,275,Purple,Purple,1x1,Able Sisters,Available from Able Sisters shop only,1.0.0,Elegant,comfy; vacation; work,For sale,AccessoryGlassDoublebridge1,11076,guPGRuhMyqdWYKh8d,accessories
double-bridge glasses,https://acnhcdn.com/latest/ClosetIcon/AccessoryGlassDoublebridge2.png,https://acnhcdn.com/latest/FtrIcon/AccessoryGlassDoublebridge2.png,Silver,No,1100,275,Gray,Gray,1x1,Able Sisters,Available from Able Sisters shop only,1.0.0,Elegant,comfy; vacation; work,For sale,AccessoryGlassDoublebridge2,11077,CLPEzZqr3vut85Ja4,accessories
double-bridge glasses,https://acnhcdn.com/latest/ClosetIcon/AccessoryGlassDoublebridge3.png,https://acnhcdn.com/latest/FtrIcon/AccessoryGlassDoublebridge3.png,Blue,No,1100,275,Blue,Blue,1x1,Able Sisters,Available from Able Sisters shop only,1.0.0,Elegant,comfy; vacation; work,For sale,AccessoryGlassDoublebridge3,11078,fD5pteAQtC8CMhq2v,accessories
drinking-straw glasses,https://acnhcdn.com/latest/ClosetIcon/AccessoryGlassmouthStraw0.png,https://acnhcdn.com/latest/FtrIcon/AccessoryGlassmouthStraw0.png,Green,No,560,140,Green,Green,1x1,Able Sisters,Available from either Mable's temporary shop or Able Sisters shop,1.0.0,Active,comfy; vacation; work,For sale,AccessoryGlassmouthStraw0,5773,hMiEGoaE2jYb6kY4e,accessories
drinking-straw glasses,https://acnhcdn.com/latest/ClosetIcon/AccessoryGlassmouthStraw1.png,https://acnhcdn.com/latest/FtrIcon/AccessoryGlassmouthStraw1.png,Blue,No,560,140,Light blue,Light blue,1x1,Able Sisters,Available from either Mable's temporary shop or Able Sisters shop,1.0.0,Active,comfy; vacation; work,For sale,AccessoryGlassmouthStraw1,11010,DNij9RhiMW39MtKWF,accessories
drinking-straw glasses,https://acnhcdn.com/latest/ClosetIcon/AccessoryGlassmouthStraw2.png,https://acnhcdn.com/latest/FtrIcon/AccessoryGlassmouthStraw2.png,Pink,No,560,140,Pink,Pink,1x1,Able Sisters,Available from either Mable's temporary shop or Able Sisters shop,1.0.0,Active,comfy; vacation; work,For sale,AccessoryGlassmouthStraw2,11011,b4G7SFYMTs5YWJ4i5,accessories
drinking-straw glasses,https://acnhcdn.com/latest/ClosetIcon/AccessoryGlassmouthStraw3.png,https://acnhcdn.com/latest/FtrIcon/AccessoryGlassmouthStraw3.png,White,No,560,140,White,White,1x1,Able Sisters,Available from either Mable's temporary shop or Able Sisters shop,1.0.0,Active,comfy; vacation; work,For sale,AccessoryGlassmouthStraw3,11012,bQ67Xe7cQZ4PcXnNe,accessories
eye mask,https://acnhcdn.com/latest/ClosetIcon/AccessoryGlassMask0.png,https://acnhcdn.com/latest/FtrIcon/AccessoryGlassMask0.png,Blue,No,560,140,Blue,Black,1x1,Able Sisters,Available from either Mable's temporary shop or Able Sisters shop,1.0.0,Simple,comfy,For sale,AccessoryGlassMask0,4425,68oXMszxbRtGoe9tH,accessories
eye mask,https://acnhcdn.com/latest/ClosetIcon/AccessoryGlassMask1.png,https://acnhcdn.com/latest/FtrIcon/AccessoryGlassMask1.png,Pink,No,560,140,Pink,Black,1x1,Able Sisters,Available from either Mable's temporary shop or Able Sisters shop,1.0.0,Simple,comfy,For sale,AccessoryGlassMask1,11154,Ck7jeovxpJEQa9BXB,accessories
eye mask,https://acnhcdn.com/latest/ClosetIcon/AccessoryGlassMask2.png,https://acnhcdn.com/latest/FtrIcon/AccessoryGlassMask2.png,Gray,No,560,140,Gray,Black,1x1,Able Sisters,Available from either Mable's temporary shop or Able Sisters shop,1.0.0,Simple,comfy,For sale,AccessoryGlassMask2,11155,FFAmL82w7xmtQyj49,accessories
eye mask,https://acnhcdn.com/latest/ClosetIcon/AccessoryGlassMask3.png,https://acnhcdn.com/latest/FtrIcon/AccessoryGlassMask3.png,Green,No,560,140,Green,Black,1x1,Able Sisters,Available from either Mable's temporary shop or Able Sisters shop,1.0.0,Simple,comfy,For sale,AccessoryGlassMask3,11156,csWKsYtw2k9ADBQpT,accessories
eye mask,https://acnhcdn.com/latest/ClosetIcon/AccessoryGlassMask4.png,https://acnhcdn.com/latest/FtrIcon/AccessoryGlassMask4.png,Orange,No,560,140,Orange,Black,1x1,Able Sisters,Available from either Mable's temporary shop or Able Sisters shop,1.0.0,Simple,comfy,For sale,AccessoryGlassMask4,11157,Gy2FEnpkD9KrRshtd,accessories
eye mask,https://acnhcdn.com/latest/ClosetIcon/AccessoryGlassMask5.png,https://acnhcdn.com/latest/FtrIcon/AccessoryGlassMask5.png,Red,No,560,140,Red,Black,1x1,Able Sisters,Available from either Mable's temporary shop or Able Sisters shop,1.0.0,Simple,comfy,For sale,AccessoryGlassMask5,11158,DN9e9e3kPAvftJL7X,accessories
eye patch,https://acnhcdn.com/latest/ClosetIcon/AccessoryGlassPatchBlack.png,https://acnhcdn.com/latest/FtrIcon/AccessoryGlassPatchBlack.png,Black,No,140,35,Black,Black,1x1,Able Sisters,Available from Able Sisters shop only,1.0.0,Cool,fairy tale; goth,For sale,AccessoryGlassPatchBlack,4457,iZoTNGb8htGE8JWEw,accessories
facial mask,https://acnhcdn.com/latest/ClosetIcon/AccessoryGlassmouthPackWhite.png,https://acnhcdn.com/latest/FtrIcon/AccessoryGlassmouthPackWhite.png,White,No,560,140,White,White,1x1,Able Sisters,Available from Able Sisters shop only,1.0.0,Simple,goth; comfy,For sale,AccessoryGlassmouthPackWhite,4512,KzBY9kLtwTHhHGzR3,accessories
fake nose,https://acnhcdn.com/latest/ClosetIcon/AccessoryGlassmouthNoseRed.png,https://acnhcdn.com/latest/FtrIcon/AccessoryGlassmouthNoseRed.png,Red,No,490,122,Red,Red,1x1,Able Sisters,Available from Able Sisters shop only,1.0.0,Cute,fairy tale; party; theatrical,For sale,AccessoryGlassmouthNoseRed,4496,chP2wAyDtdSTS3XrF,accessories
flower sunglasses,https://acnhcdn.com/latest/ClosetIcon/AccessoryGlassFlower0.png,https://acnhcdn.com/latest/FtrIcon/AccessoryGlassFlower0.png,Red,No,770,192,Red,Black,1x1,Able Sisters,Available from either Mable's temporary shop or Able Sisters shop,1.0.0,Cute,party; vacation,For sale,AccessoryGlassFlower0,5739,iJsQqLTdb4gcPwekJ,accessories
flower sunglasses,https://acnhcdn.com/latest/ClosetIcon/AccessoryGlassFlower1.png,https://acnhcdn.com/latest/FtrIcon/AccessoryGlassFlower1.png,Orange,No,770,192,Orange,Black,1x1,Able Sisters,Available from either Mable's temporary shop or Able Sisters shop,1.0.0,Cute,party; vacation,For sale,AccessoryGlassFlower1,11228,6TygyrRpgFEJRtYAD,accessories
flower sunglasses,https://acnhcdn.com/latest/ClosetIcon/AccessoryGlassFlower2.png,https://acnhcdn.com/latest/FtrIcon/AccessoryGlassFlower2.png,Blue,No,770,192,Blue,Black,1x1,Able Sisters,Available from either Mable's temporary shop or Able Sisters shop,1.0.0,Cute,party; vacation,For sale,AccessoryGlassFlower2,11229,g4jdQJuTAwEgGWsyH,accessories
flower sunglasses,https://acnhcdn.com/latest/ClosetIcon/AccessoryGlassFlower3.png,https://acnhcdn.com/latest/FtrIcon/AccessoryGlassFlower3.png,Purple,No,770,192,Purple,Black,1x1,Able Sisters,Available from either Mable's temporary shop or Able Sisters shop,1.0.0,Cute,party; vacation,For sale,AccessoryGlassFlower3,11230,hN8mRmSqAqfBBXqsK,accessories
flower sunglasses,https://acnhcdn.com/latest/ClosetIcon/AccessoryGlassFlower4.png,https://acnhcdn.com/latest/FtrIcon/AccessoryGlassFlower4.png,Green,No,770,192,Green,Black,1x1,Able Sisters,Available from either Mable's temporary shop or Able Sisters shop,1.0.0,Cute,party; vacation,For sale,AccessoryGlassFlower4,11231,vnNLfafLRpv9vrESq,accessories
food mess,https://acnhcdn.com/latest/ClosetIcon/AccessoryMouthPasta.png,https://acnhcdn.com/latest/FtrIcon/AccessoryMouthPasta.png,Pasta,No,490,122,Orange,Beige,1x1,Able Sisters,Available from either Mable's temporary shop or Able Sisters shop,1.0.0,Simple,comfy,For sale,AccessoryMouthPasta,5857,ErTpS7LHoG7hZ4bvn,accessories
funny glasses,https://acnhcdn.com/latest/ClosetIcon/AccessoryGlassEyes0.png,https://acnhcdn.com/latest/FtrIcon/AccessoryGlassEyes0.png,Brown,No,1100,275,Brown,Black,1x1,Able Sisters,Available from Able Sisters shop only,1.0.0,Cute,fairy tale; party; theatrical,For sale,AccessoryGlassEyes0,4513,nvgwq4bKZzDoiTQzw,accessories
funny glasses,https://acnhcdn.com/latest/ClosetIcon/AccessoryGlassEyes1.png,https://acnhcdn.com/latest/FtrIcon/AccessoryGlassEyes1.png,Pink,No,1100,275,Pink,Black,1x1,Able Sisters,Available from Able Sisters shop only,1.0.0,Cute,fairy tale; party; theatrical,For sale,AccessoryGlassEyes1,11008,4ASpkj55QiocnNkZ2,accessories
funny glasses,https://acnhcdn.com/latest/ClosetIcon/AccessoryGlassEyes2.png,https://acnhcdn.com/latest/FtrIcon/AccessoryGlassEyes2.png,Blue,No,1100,275,Light blue,Black,1x1,Able Sisters,Available from Able Sisters shop only,1.0.0,Cute,fairy tale; party; theatrical,For sale,AccessoryGlassEyes2,11009,dio9gmQCebNSjSX89,accessories
gas mask,https://acnhcdn.com/latest/ClosetIcon/AccessoryGlassmouthGasmask0.png,https://acnhcdn.com/latest/FtrIcon/AccessoryGlassmouthGasmask0.png,Black,No,1100,275,Black,Black,1x1,Able Sisters,Available from Able Sisters shop only,1.0.0,Cool,goth; work,For sale,AccessoryGlassmouthGasmask0,4649,cuqWQPfsbkmXz5DuB,accessories
gas mask,https://acnhcdn.com/latest/ClosetIcon/AccessoryGlassmouthGasmask1.png,https://acnhcdn.com/latest/FtrIcon/AccessoryGlassmouthGasmask1.png,Avocado,No,1100,275,Green,Green,1x1,Able Sisters,Available from Able Sisters shop only,1.0.0,Cool,goth; work,For sale,AccessoryGlassmouthGasmask1,11160,9K9ea2sRHMsPmcX6d,accessories
glass-bottle glasses,https://acnhcdn.com/latest/ClosetIcon/AccessoryGlassBottleBlack.png,https://acnhcdn.com/latest/FtrIcon/AccessoryGlassBottleBlack.png,Black,No,1100,275,Black,Gray,1x1,Able Sisters,Available from either Mable's temporary shop or Able Sisters shop,1.0.0,Simple,comfy; work,For sale,AccessoryGlassBottleBlack,4282,JFtffcGH7WnPnJKtc,accessories
goatee,https://acnhcdn.com/latest/ClosetIcon/AccessoryMouthBeardChinBlack.png,https://acnhcdn.com/latest/FtrIcon/AccessoryMouthBeardChinBlack.png,Black,No,980,245,Colorful,Colorful,1x1,Able Sisters,Available from Able Sisters shop only,1.0.0,Cool,everyday; comfy; theatrical,For sale,AccessoryMouthBeardChinBlack,4676,W5S7BC9qA4QMCQEFR,accessories
goggles,https://acnhcdn.com/latest/ClosetIcon/AccessoryGlassGoggles0.png,https://acnhcdn.com/latest/FtrIcon/AccessoryGlassGoggles0.png,Black,No,560,140,Black,Black,1x1,Able Sisters,Available from either Mable's temporary shop or Able Sisters shop,1.0.0,Active,outdoorsy; sporty; vacation,For sale,AccessoryGlassGoggles0,4454,3YkDq5TZm3jE8nBL9,accessories
goggles,https://acnhcdn.com/latest/ClosetIcon/AccessoryGlassGoggles1.png,https://acnhcdn.com/latest/FtrIcon/AccessoryGlassGoggles1.png,Blue,No,560,140,Blue,Blue,1x1,Able Sisters,Available from either Mable's temporary shop or Able Sisters shop,1.0.0,Active,outdoorsy; sporty; vacation,For sale,AccessoryGlassGoggles1,11484,gozwdhewwK4PmPGFQ,accessories
goggles,https://acnhcdn.com/latest/ClosetIcon/AccessoryGlassGoggles2.png,https://acnhcdn.com/latest/FtrIcon/AccessoryGlassGoggles2.png,Pink,No,560,140,Pink,Pink,1x1,Able Sisters,Available from either Mable's temporary shop or Able Sisters shop,1.0.0,Active,outdoorsy; sporty; vacation,For sale,AccessoryGlassGoggles2,11485,49s9b7jcrE8uaFEdR,accessories
goggles,https://acnhcdn.com/latest/ClosetIcon/AccessoryGlassGoggles3.png,https://acnhcdn.com/latest/FtrIcon/AccessoryGlassGoggles3.png,Green,No,560,140,Green,Green,1x1,Able Sisters,Available from either Mable's temporary shop or Able Sisters shop,1.0.0,Active,outdoorsy; sporty; vacation,For sale,AccessoryGlassGoggles3,11486,sDjZobRoupcETEKeH,accessories
goggles,https://acnhcdn.com/latest/ClosetIcon/AccessoryGlassGoggles4.png,https://acnhcdn.com/latest/FtrIcon/AccessoryGlassGoggles4.png,Purple,No,560,140,Purple,Purple,1x1,Able Sisters,Available from either Mable's temporary shop or Able Sisters shop,1.0.0,Active,outdoorsy; sporty; vacation,For sale,AccessoryGlassGoggles4,11487,kwS6ErrZHdDNXpmbR,accessories
goggles,https://acnhcdn.com/latest/ClosetIcon/AccessoryGlassGoggles5.png,https://acnhcdn.com/latest/FtrIcon/AccessoryGlassGoggles5.png,Red,No,560,140,Red,Red,1x1,Able Sisters,Available from either Mable's temporary shop or Able Sisters shop,1.0.0,Active,outdoorsy; sporty; vacation,For sale,AccessoryGlassGoggles5,11488,P8X4Rnuc6WjHTrbkz,accessories
handlebar mustache,https://acnhcdn.com/latest/ClosetIcon/AccessoryMouthBeardBlack.png,https://acnhcdn.com/latest/FtrIcon/AccessoryMouthBeardBlack.png,Black,No,1120,280,Colorful,Colorful,1x1,Able Sisters,Available from Able Sisters shop only,1.0.0,Elegant,fairy tale; formal; theatrical,For sale,AccessoryMouthBeardBlack,3550,HJfvmuhPDFMN8eRB2,accessories
heart shades,https://acnhcdn.com/latest/ClosetIcon/AccessoryGlassHeart0.png,https://acnhcdn.com/latest/FtrIcon/AccessoryGlassHeart0.png,Pink,No,1040,260,Pink,Blue,1x1,Able Sisters,Available from either Mable's temporary shop or Able Sisters shop,1.0.0,Cute,party; vacation,For sale,AccessoryGlassHeart0,4237,ZkwfoAxXwqiJav677,accessories
heart shades,https://acnhcdn.com/latest/ClosetIcon/AccessoryGlassHeart1.png,https://acnhcdn.com/latest/FtrIcon/AccessoryGlassHeart1.png,Yellow,No,1040,260,Yellow,Blue,1x1,Able Sisters,Available from either Mable's temporary shop or Able Sisters shop,1.0.0,Cute,party; vacation,For sale,AccessoryGlassHeart1,11188,jvPC7gmEHvxxgmwfA,accessories
heart shades,https://acnhcdn.com/latest/ClosetIcon/AccessoryGlassHeart2.png,https://acnhcdn.com/latest/FtrIcon/AccessoryGlassHeart2.png,Blue,No,1040,260,Light blue,Blue,1x1,Able Sisters,Available from either Mable's temporary shop or Able Sisters shop,1.0.0,Cute,party; vacation,For sale,AccessoryGlassHeart2,11189,k2fF9yEC5S3XGsXhX,accessories
heart shades,https://acnhcdn.com/latest/ClosetIcon/AccessoryGlassHeart3.png,https://acnhcdn.com/latest/FtrIcon/AccessoryGlassHeart3.png,Purple,No,1040,260,Purple,Blue,1x1,Able Sisters,Available from either Mable's temporary shop or Able Sisters shop,1.0.0,Cute,party; vacation,For sale,AccessoryGlassHeart3,11190,3fs7r8mBn9EiGmMT7,accessories
heart shades,https://acnhcdn.com/latest/ClosetIcon/AccessoryGlassHeart4.png,https://acnhcdn.com/latest/FtrIcon/AccessoryGlassHeart4.png,Green,No,1040,260,Green,Blue,1x1,Able Sisters,Available from either Mable's temporary shop or Able Sisters shop,1.0.0,Cute,party; vacation,For sale,AccessoryGlassHeart4,11191,CbiyKw9gGsMfYzA4g,accessories
HMD,https://acnhcdn.com/latest/ClosetIcon/AccessoryGlassHmdWhite.png,https://acnhcdn.com/latest/FtrIcon/AccessoryGlassHmdWhite.png,White,No,2000,500,White,Black,1x1,Able Sisters,Available from Able Sisters shop only,1.0.0,Cool,comfy,For sale,AccessoryGlassHmdWhite,5182,Hkcb2b5RCvgcXrHvc,accessories
jester's mask,https://acnhcdn.com/latest/ClosetIcon/AccessoryGlassmouthPierrot0.png,https://acnhcdn.com/latest/FtrIcon/AccessoryGlassmouthPierrot0.png,Black,No,1760,440,Black,White,1x1,Able Sisters,Available from Able Sisters shop only,1.0.0,Cool,fairy tale; goth; party; theatrical; work,For sale,AccessoryGlassmouthPierrot0,4678,5iGdajwpPAQ98B9eE,accessories
jester's mask,https://acnhcdn.com/latest/ClosetIcon/AccessoryGlassmouthPierrot1.png,https://acnhcdn.com/latest/FtrIcon/AccessoryGlassmouthPierrot1.png,Red,No,1760,440,Red,White,1x1,Able Sisters,Available from Able Sisters shop only,1.0.0,Cool,fairy tale; goth; party; theatrical; work,For sale,AccessoryGlassmouthPierrot1,11166,7HBtvdHttSMJiuA7W,accessories
jester's mask,https://acnhcdn.com/latest/ClosetIcon/AccessoryGlassmouthPierrot2.png,https://acnhcdn.com/latest/FtrIcon/AccessoryGlassmouthPierrot2.png,Green,No,1760,440,Green,White,1x1,Able Sisters,Available from Able Sisters shop only,1.0.0,Cool,fairy tale; goth; party; theatrical; work,For sale,AccessoryGlassmouthPierrot2,11167,LTCnc3SoDzsffayDr,accessories
jester's mask,https://acnhcdn.com/latest/ClosetIcon/AccessoryGlassmouthPierrot3.png,https://acnhcdn.com/latest/FtrIcon/AccessoryGlassmouthPierrot3.png,Blue,No,1760,440,Blue,White,1x1,Able Sisters,Available from Able Sisters shop only,1.0.0,Cool,fairy tale; goth; party; theatrical; work,For sale,AccessoryGlassmouthPierrot3,11168,Kpyk7xszcwxgdawqA,accessories
Labelle sunglasses,https://acnhcdn.com/latest/ClosetIcon/AccessoryGlassKate0.png,https://acnhcdn.com/latest/FtrIcon/AccessoryGlassKate0.png,Twilight,No,2000,500,Purple,Purple,1x1,Labelle,,1.0.0,Gorgeous,everyday; formal; party; theatrical; vacation,For sale,AccessoryGlassKate0,9887,2B4ttG2NJS7ZKRimP,accessories
Labelle sunglasses,https://acnhcdn.com/latest/ClosetIcon/AccessoryGlassKate1.png,https://acnhcdn.com/latest/FtrIcon/AccessoryGlassKate1.png,Midnight,No,2000,500,Black,Black,1x1,Labelle,,1.0.0,Gorgeous,everyday; formal; party; theatrical; vacation,For sale,AccessoryGlassKate1,11776,Pk4syNKBscFTBD2mP,accessories
Labelle sunglasses,https://acnhcdn.com/latest/ClosetIcon/AccessoryGlassKate2.png,https://acnhcdn.com/latest/FtrIcon/AccessoryGlassKate2.png,Passion,No,2000,500,Red,Red,1x1,Labelle,,1.0.0,Gorgeous,everyday; formal; party; theatrical; vacation,For sale,AccessoryGlassKate2,11777,TJqYcpQKFaPX6naSj,accessories
Labelle sunglasses,https://acnhcdn.com/latest/ClosetIcon/AccessoryGlassKate3.png,https://acnhcdn.com/latest/FtrIcon/AccessoryGlassKate3.png,Ocean,No,2000,500,Blue,Blue,1x1,Labelle,,1.0.0,Gorgeous,everyday; formal; party; theatrical; vacation,For sale,AccessoryGlassKate3,11778,yWuQ9CtGKLaG7ntW9,accessories
Labelle sunglasses,https://acnhcdn.com/latest/ClosetIcon/AccessoryGlassKate4.png,https://acnhcdn.com/latest/FtrIcon/AccessoryGlassKate4.png,Sunset,No,2000,500,Yellow,Yellow,1x1,Labelle,,1.0.0,Gorgeous,everyday; formal; party; theatrical; vacation,For sale,AccessoryGlassKate4,11779,Km6htuKWbDhQx5v2o,accessories
Labelle sunglasses,https://acnhcdn.com/latest/ClosetIcon/AccessoryGlassKate5.png,https://acnhcdn.com/latest/FtrIcon/AccessoryGlassKate5.png,Love,No,2000,500,Pink,Pink,1x1,Labelle,,1.0.0,Gorgeous,everyday; formal; party; theatrical; vacation,For sale,AccessoryGlassKate5,11780,WHaB5ZbzSPteM5KxG,accessories
ladder shades,https://acnhcdn.com/latest/ClosetIcon/AccessoryGlassBlind0.png,https://acnhcdn.com/latest/FtrIcon/AccessoryGlassBlind0.png,Red,No,880,220,Red,Red,1x1,Able Sisters,Available from Able Sisters shop only,1.0.0,Active,party; theatrical,For sale,AccessoryGlassBlind0,4464,DErjYKaqmFEkp7RQ3,accessories
ladder shades,https://acnhcdn.com/latest/ClosetIcon/AccessoryGlassBlind1.png,https://acnhcdn.com/latest/FtrIcon/AccessoryGlassBlind1.png,Blue,No,880,220,Blue,Blue,1x1,Able Sisters,Available from Able Sisters shop only,1.0.0,Active,party; theatrical,For sale,AccessoryGlassBlind1,11002,kbZR8T9YaP2Pb7q6P,accessories
ladder shades,https://acnhcdn.com/latest/ClosetIcon/AccessoryGlassBlind2.png,https://acnhcdn.com/latest/FtrIcon/AccessoryGlassBlind2.png,Green,No,880,220,Green,Green,1x1,Able Sisters,Available from Able Sisters shop only,1.0.0,Active,party; theatrical,For sale,AccessoryGlassBlind2,11003,wnvu2B7z7M975uCMf,accessories
ladder shades,https://acnhcdn.com/latest/ClosetIcon/AccessoryGlassBlind3.png,https://acnhcdn.com/latest/FtrIcon/AccessoryGlassBlind3.png,Pink,No,880,220,Pink,Pink,1x1,Able Sisters,Available from Able Sisters shop only,1.0.0,Active,party; theatrical,For sale,AccessoryGlassBlind3,11004,8wvE7HfG9HvK33nTW,accessories
ladder shades,https://acnhcdn.com/latest/ClosetIcon/AccessoryGlassBlind4.png,https://acnhcdn.com/latest/FtrIcon/AccessoryGlassBlind4.png,Yellow,No,880,220,Yellow,Yellow,1x1,Able Sisters,Available from Able Sisters shop only,1.0.0,Active,party; theatrical,For sale,AccessoryGlassBlind4,11005,mcex6oPn8f8KotnrZ,accessories
ladder shades,https://acnhcdn.com/latest/ClosetIcon/AccessoryGlassBlind5.png,https://acnhcdn.com/latest/FtrIcon/AccessoryGlassBlind5.png,Gold,No,880,220,Brown,Brown,1x1,Able Sisters,Available from Able Sisters shop only,1.0.0,Active,party; theatrical,For sale,AccessoryGlassBlind5,11006,SF89YKrjwGsa5Dp7t,accessories
leaf,https://acnhcdn.com/latest/ClosetIcon/AccessoryMouthLeafGreen.png,https://acnhcdn.com/latest/FtrIcon/AccessoryMouthLeafGreen.png,Green,Yes,NFS,100,Green,Green,1x1,Crafting,,1.0.0,Simple,outdoorsy; comfy; vacation,Not for sale,AccessoryMouthLeafGreen,4682,XrpTjwp94FwmvXjmE,accessories
masquerade mask,https://acnhcdn.com/latest/ClosetIcon/AccessoryGlassVenetian0.png,https://acnhcdn.com/latest/FtrIcon/AccessoryGlassVenetian0.png,Purple,No,910,227,Pink,Yellow,1x1,Able Sisters,Available from Able Sisters shop only,1.0.0,Gorgeous,fairy tale; party; theatrical,For sale,AccessoryGlassVenetian0,4667,vwytnsJLdnFYZdeHR,accessories
masquerade mask,https://acnhcdn.com/latest/ClosetIcon/AccessoryGlassVenetian1.png,https://acnhcdn.com/latest/FtrIcon/AccessoryGlassVenetian1.png,Black,No,910,227,Black,Yellow,1x1,Able Sisters,Available from Able Sisters shop only,1.0.0,Gorgeous,fairy tale; party; theatrical,For sale,AccessoryGlassVenetian1,11161,GL9igRSB2nTebNAin,accessories
masquerade mask,https://acnhcdn.com/latest/ClosetIcon/AccessoryGlassVenetian2.png,https://acnhcdn.com/latest/FtrIcon/AccessoryGlassVenetian2.png,Blue,No,910,227,Blue,Yellow,1x1,Able Sisters,Available from Able Sisters shop only,1.0.0,Gorgeous,fairy tale; party; theatrical,For sale,AccessoryGlassVenetian2,11162,6yKLSWNnpyXAPKJ4h,accessories
masquerade mask,https://acnhcdn.com/latest/ClosetIcon/AccessoryGlassVenetian3.png,https://acnhcdn.com/latest/FtrIcon/AccessoryGlassVenetian3.png,Red,No,910,227,Red,Yellow,1x1,Able Sisters,Available from Able Sisters shop only,1.0.0,Gorgeous,fairy tale; party; theatrical,For sale,AccessoryGlassVenetian3,11163,DknNtTo9sb2jZHDht,accessories
masquerade mask,https://acnhcdn.com/latest/ClosetIcon/AccessoryGlassVenetian4.png,https://acnhcdn.com/latest/FtrIcon/AccessoryGlassVenetian4.png,Green,No,910,227,Green,Yellow,1x1,Able Sisters,Available from Able Sisters shop only,1.0.0,Gorgeous,fairy tale; party; theatrical,For sale,AccessoryGlassVenetian4,11164,PEA7Y7djsLQryh4c2,accessories
masquerade mask,https://acnhcdn.com/latest/ClosetIcon/AccessoryGlassVenetian5.png,https://acnhcdn.com/latest/FtrIcon/AccessoryGlassVenetian5.png,Gold,No,910,227,Orange,Yellow,1x1,Able Sisters,Available from Able Sisters shop only,1.0.0,Gorgeous,fairy tale; party; theatrical,For sale,AccessoryGlassVenetian5,11165,nzAimcCqJg46jjNiN,accessories
monocle,https://acnhcdn.com/latest/ClosetIcon/AccessoryGlassMonocle0.png,https://acnhcdn.com/latest/FtrIcon/AccessoryGlassMonocle0.png,Black,No,1100,275,Black,Black,1x1,Able Sisters,Available from Able Sisters shop only,1.0.0,Elegant,fairy tale; formal; work,For sale,AccessoryGlassMonocle0,4462,vtCepd9DjYS2H5vcb,accessories
monocle,https://acnhcdn.com/latest/ClosetIcon/AccessoryGlassMonocle1.png,https://acnhcdn.com/latest/FtrIcon/AccessoryGlassMonocle1.png,Gold,No,1100,275,Yellow,Yellow,1x1,Able Sisters,Available from Able Sisters shop only,1.0.0,Elegant,fairy tale; formal; work,For sale,AccessoryGlassMonocle1,11000,ghxLRorCD3NWR5h5x,accessories
monocle,https://acnhcdn.com/latest/ClosetIcon/AccessoryGlassMonocle2.png,https://acnhcdn.com/latest/FtrIcon/AccessoryGlassMonocle2.png,Silver,No,1100,275,Gray,Gray,1x1,Able Sisters,Available from Able Sisters shop only,1.0.0,Elegant,fairy tale; formal; work,For sale,AccessoryGlassMonocle2,11001,tXaLxYbQPqcTZWxej,accessories
night-vision goggles,https://acnhcdn.com/latest/ClosetIcon/AccessoryGlassNightvisionBlack.png,https://acnhcdn.com/latest/FtrIcon/AccessoryGlassNightvisionBlack.png,Black,No,1560,390,Black,Green,1x1,Able Sisters,Available from Able Sisters shop only,1.0.0,Active,outdoorsy,For sale,AccessoryGlassNightvisionBlack,5261,sMdtidR3zypRsgSCW,accessories
Nook Inc. eye mask,https://acnhcdn.com/latest/ClosetIcon/AccessoryGlassNook0.png,https://acnhcdn.com/latest/FtrIcon/AccessoryGlassNook0.png,Green,No,NFS,2000,Green,White,1x1,Nook Miles Shop,,1.0.0,Simple,comfy,Not for sale,AccessoryGlassNook0,9654,n8j5gx4zjuK7tkYKq,accessories
nose drip,https://acnhcdn.com/latest/ClosetIcon/AccessoryMouthJokeDripCyan.png,https://acnhcdn.com/latest/FtrIcon/AccessoryMouthJokeDripCyan.png,Light blue,No,490,122,Light blue,Light blue,1x1,Able Sisters,Available from either Mable's temporary shop or Able Sisters shop,1.0.0,Simple,comfy,For sale,AccessoryMouthJokeDripCyan,5833,9YbFJqBD3hmQkW4Gq,accessories
octagonal glasses,https://acnhcdn.com/latest/ClosetIcon/AccessoryGlassOctagon0.png,https://acnhcdn.com/latest/FtrIcon/AccessoryGlassOctagon0.png,Gray,No,1100,275,Gray,Gray,1x1,Able Sisters,Available from Able Sisters shop only,1.0.0,Cute,comfy; vacation; work,For sale,AccessoryGlassOctagon0,4239,dzKG7sMGwFn7EaKjm,accessories
octagonal glasses,https://acnhcdn.com/latest/ClosetIcon/AccessoryGlassOctagon1.png,https://acnhcdn.com/latest/FtrIcon/AccessoryGlassOctagon1.png,Green,No,1100,275,Green,Green,1x1,Able Sisters,Available from Able Sisters shop only,1.0.0,Cute,comfy; vacation; work,For sale,AccessoryGlassOctagon1,11072,NME2CQfz2tMbnwLzb,accessories
octagonal glasses,https://acnhcdn.com/latest/ClosetIcon/AccessoryGlassOctagon2.png,https://acnhcdn.com/latest/FtrIcon/AccessoryGlassOctagon2.png,Purple,No,1100,275,Purple,Purple,1x1,Able Sisters,Available from Able Sisters shop only,1.0.0,Cute,comfy; vacation; work,For sale,AccessoryGlassOctagon2,11073,Je9RNoLocnJ5kinNQ,accessories
octagonal glasses,https://acnhcdn.com/latest/ClosetIcon/AccessoryGlassOctagon3.png,https://acnhcdn.com/latest/FtrIcon/AccessoryGlassOctagon3.png,Gold,No,1100,275,Beige,Beige,1x1,Able Sisters,Available from Able Sisters shop only,1.0.0,Cute,comfy; vacation; work,For sale,AccessoryGlassOctagon3,11074,t5MJmR6fbqXwevjus,accessories
octagonal glasses,https://acnhcdn.com/latest/ClosetIcon/AccessoryGlassOctagon4.png,https://acnhcdn.com/latest/FtrIcon/AccessoryGlassOctagon4.png,Black,No,1100,275,Black,Black,1x1,Able Sisters,Available from Able Sisters shop only,1.0.0,Cute,comfy; vacation; work,For sale,AccessoryGlassOctagon4,11075,4FT4YuTQcq3RGo3Ss,accessories
oval glasses,https://acnhcdn.com/latest/ClosetIcon/AccessoryGlassOval0.png,https://acnhcdn.com/latest/FtrIcon/AccessoryGlassOval0.png,Green,No,880,220,Green,Green,1x1,Able Sisters,Available from either Mable's temporary shop or Able Sisters shop,1.0.0,Simple,everyday; work,For sale,AccessoryGlassOval0,4609,jw7KgW9epPat5Pw8W,accessories
oval glasses,https://acnhcdn.com/latest/ClosetIcon/AccessoryGlassOval1.png,https://acnhcdn.com/latest/FtrIcon/AccessoryGlassOval1.png,Orange,No,880,220,Orange,Orange,1x1,Able Sisters,Available from either Mable's temporary shop or Able Sisters shop,1.0.0,Simple,everyday; work,For sale,AccessoryGlassOval1,11087,9AXkAraeTz6TgR6sJ,accessories
oval glasses,https://acnhcdn.com/latest/ClosetIcon/AccessoryGlassOval2.png,https://acnhcdn.com/latest/FtrIcon/AccessoryGlassOval2.png,Blue,No,880,220,Light blue,Light blue,1x1,Able Sisters,Available from either Mable's temporary shop or Able Sisters shop,1.0.0,Simple,everyday; work,For sale,AccessoryGlassOval2,11088,ydCsvEetGaAQ4mNs2,accessories
oval glasses,https://acnhcdn.com/latest/ClosetIcon/AccessoryGlassOval3.png,https://acnhcdn.com/latest/FtrIcon/AccessoryGlassOval3.png,Purple,No,880,220,Purple,Purple,1x1,Able Sisters,Available from either Mable's temporary shop or Able Sisters shop,1.0.0,Simple,everyday; work,For sale,AccessoryGlassOval3,11089,9ZhHgTmKeqZ7fgcNr,accessories
oval glasses,https://acnhcdn.com/latest/ClosetIcon/AccessoryGlassOval4.png,https://acnhcdn.com/latest/FtrIcon/AccessoryGlassOval4.png,Magenta,No,880,220,Red,Red,1x1,Able Sisters,Available from either Mable's temporary shop or Able Sisters shop,1.0.0,Simple,everyday; work,For sale,AccessoryGlassOval4,11090,QBNkZLi9jpeDYMxnQ,accessories
oval glasses,https://acnhcdn.com/latest/ClosetIcon/AccessoryGlassOval5.png,https://acnhcdn.com/latest/FtrIcon/AccessoryGlassOval5.png,Mustard,No,880,220,Yellow,Yellow,1x1,Able Sisters,Available from either Mable's temporary shop or Able Sisters shop,1.0.0,Simple,everyday; work,For sale,AccessoryGlassOval5,11091,uocqzyhP5WHmnH8dj,accessories
oval glasses,https://acnhcdn.com/latest/ClosetIcon/AccessoryGlassOval6.png,https://acnhcdn.com/latest/FtrIcon/AccessoryGlassOval6.png,Black,No,880,220,Black,Black,1x1,Able Sisters,Available from either Mable's temporary shop or Able Sisters shop,1.0.0,Simple,everyday; work,For sale,AccessoryGlassOval6,11092,uuttmaKAruqm7tiKL,accessories
pacifier,https://acnhcdn.com/latest/ClosetIcon/AccessoryMouthPacifier0.png,https://acnhcdn.com/latest/FtrIcon/AccessoryMouthPacifier0.png,Baby purple,No,560,140,Pink,Pink,1x1,Able Sisters,Available from either Mable's temporary shop or Able Sisters shop,1.0.0,Cute,comfy,For sale,AccessoryMouthPacifier0,2298,bK8fXPaAy9f3Nqx9Q,accessories
pacifier,https://acnhcdn.com/latest/ClosetIcon/AccessoryMouthPacifier1.png,https://acnhcdn.com/latest/FtrIcon/AccessoryMouthPacifier1.png,Baby mint,No,560,140,Light blue,Light blue,1x1,Able Sisters,Available from either Mable's temporary shop or Able Sisters shop,1.0.0,Cute,comfy,For sale,AccessoryMouthPacifier1,11013,KMB2YJMHNzESo6Hws,accessories
pacifier,https://acnhcdn.com/latest/ClosetIcon/AccessoryMouthPacifier2.png,https://acnhcdn.com/latest/FtrIcon/AccessoryMouthPacifier2.png,Baby yellow,No,560,140,Yellow,Yellow,1x1,Able Sisters,Available from either Mable's temporary shop or Able Sisters shop,1.0.0,Cute,comfy,For sale,AccessoryMouthPacifier2,11014,iH9JsLkZTan5CQgTt,accessories
pacifier,https://acnhcdn.com/latest/ClosetIcon/AccessoryMouthPacifier3.png,https://acnhcdn.com/latest/FtrIcon/AccessoryMouthPacifier3.png,Baby green,No,560,140,Green,Green,1x1,Able Sisters,Available from either Mable's temporary shop or Able Sisters shop,1.0.0,Cute,comfy,For sale,AccessoryMouthPacifier3,11015,XRyQwLEtt9RwgvtST,accessories
pacifier,https://acnhcdn.com/latest/ClosetIcon/AccessoryMouthPacifier4.png,https://acnhcdn.com/latest/FtrIcon/AccessoryMouthPacifier4.png,Baby pink,No,560,140,Red,Red,1x1,Able Sisters,Available from either Mable's temporary shop or Able Sisters shop,1.0.0,Cute,comfy,For sale,AccessoryMouthPacifier4,11016,iAyukzDt8Kutfpmab,accessories
pacifier,https://acnhcdn.com/latest/ClosetIcon/AccessoryMouthPacifier5.png,https://acnhcdn.com/latest/FtrIcon/AccessoryMouthPacifier5.png,Baby gray,No,560,140,Gray,Gray,1x1,Able Sisters,Available from either Mable's temporary shop or Able Sisters shop,1.0.0,Cute,comfy,For sale,AccessoryMouthPacifier5,11017,aWcYia7rWZ8nhXg37,accessories
pacifier,https://acnhcdn.com/latest/ClosetIcon/AccessoryMouthPacifier6.png,https://acnhcdn.com/latest/FtrIcon/AccessoryMouthPacifier6.png,Baby blue,No,560,140,Purple,Purple,1x1,Able Sisters,Available from either Mable's temporary shop or Able Sisters shop,1.0.0,Cute,comfy,For sale,AccessoryMouthPacifier6,11018,ScuP52AjZHPkhCuGP,accessories
pacifier,https://acnhcdn.com/latest/ClosetIcon/AccessoryMouthPacifier7.png,https://acnhcdn.com/latest/FtrIcon/AccessoryMouthPacifier7.png,Baby orange,No,560,140,Orange,Orange,1x1,Able Sisters,Available from either Mable's temporary shop or Able Sisters shop,1.0.0,Cute,comfy,For sale,AccessoryMouthPacifier7,11019,WZgrieHNMrjuw9Tah,accessories
pig nose,https://acnhcdn.com/latest/ClosetIcon/AccessoryMouthPigPink.png,https://acnhcdn.com/latest/FtrIcon/AccessoryMouthPigPink.png,Pink,No,560,140,Pink,Pink,1x1,Able Sisters,Available from Able Sisters shop only,1.0.0,Cute,fairy tale; party; theatrical,For sale,AccessoryMouthPigPink,4647,H2JSW7YDoTdLr6GTK,accessories
pilot shades,https://acnhcdn.com/latest/ClosetIcon/AccessoryGlassPilot0.png,https://acnhcdn.com/latest/FtrIcon/AccessoryGlassPilot0.png,Black,No,1300,325,Black,Brown,1x1,Able Sisters,Available from either Mable's temporary shop or Able Sisters shop,1.0.0,Cool,sporty; work,For sale,AccessoryGlassPilot0,4459,wuyb75e6fkA5976yx,accessories
pilot shades,https://acnhcdn.com/latest/ClosetIcon/AccessoryGlassPilot1.png,https://acnhcdn.com/latest/FtrIcon/AccessoryGlassPilot1.png,Gold,No,1300,325,Yellow,Black,1x1,Able Sisters,Available from either Mable's temporary shop or Able Sisters shop,1.0.0,Cool,sporty; work,For sale,AccessoryGlassPilot1,11214,nBHTPo8pt7eRL47PT,accessories
pixel shades,https://acnhcdn.com/latest/ClosetIcon/AccessoryGlassDot0.png,https://acnhcdn.com/latest/FtrIcon/AccessoryGlassDot0.png,Red,No,1320,330,Red,Black,1x1,Able Sisters,Available from Able Sisters shop only,1.0.0,Cool,party; vacation,For sale,AccessoryGlassDot0,4646,Tp2dC3Dk4chwa4ebr,accessories
pixel shades,https://acnhcdn.com/latest/ClosetIcon/AccessoryGlassDot1.png,https://acnhcdn.com/latest/FtrIcon/AccessoryGlassDot1.png,Green,No,1320,330,Green,Black,1x1,Able Sisters,Available from Able Sisters shop only,1.0.0,Cool,party; vacation,For sale,AccessoryGlassDot1,11223,6tFnu3DhC5HQvqmZ5,accessories
pixel shades,https://acnhcdn.com/latest/ClosetIcon/AccessoryGlassDot2.png,https://acnhcdn.com/latest/FtrIcon/AccessoryGlassDot2.png,Blue,No,1320,330,Blue,Black,1x1,Able Sisters,Available from Able Sisters shop only,1.0.0,Cool,party; vacation,For sale,AccessoryGlassDot2,11224,SbAGGe9yg4EXAw35b,accessories
pixel shades,https://acnhcdn.com/latest/ClosetIcon/AccessoryGlassDot3.png,https://acnhcdn.com/latest/FtrIcon/AccessoryGlassDot3.png,Black,No,1320,330,Black,Black,1x1,Able Sisters,Available from Able Sisters shop only,1.0.0,Cool,party; vacation,For sale,AccessoryGlassDot3,11225,GY4PDqrCZdcPWb4Ep,accessories
pleather mask,https://acnhcdn.com/latest/ClosetIcon/AccessoryMouthLeatherBlack.png,https://acnhcdn.com/latest/FtrIcon/AccessoryMouthLeatherBlack.png,Black,No,770,192,Black,Gray,1x1,Able Sisters,Available from Able Sisters shop only,1.0.0,Cool,goth,For sale,AccessoryMouthLeatherBlack,6040,aN6Wsxguggh39oBiF,accessories
post-op patch,https://acnhcdn.com/latest/ClosetIcon/AccessoryGlassEyepatchWhite.png,https://acnhcdn.com/latest/FtrIcon/AccessoryGlassEyepatchWhite.png,White,No,490,122,White,White,1x1,Able Sisters,Available from either Mable's temporary shop or Able Sisters shop,1.0.0,Simple,goth,For sale,AccessoryGlassEyepatchWhite,4452,8Qgoizxz547DtMNd7,accessories
privacy mask,https://acnhcdn.com/latest/ClosetIcon/AccessoryMouthCrowBlack.png,https://acnhcdn.com/latest/FtrIcon/AccessoryMouthCrowBlack.png,Black,No,560,140,Black,Black,1x1,Able Sisters,Available from Able Sisters shop only,1.0.0,Cool,everyday; goth; comfy,For sale,AccessoryMouthCrowBlack,4671,4GDJFfMNHhsaXXrAN,accessories
reflector,https://acnhcdn.com/latest/ClosetIcon/AccessoryGlassMirrorGray.png,https://acnhcdn.com/latest/FtrIcon/AccessoryGlassMirrorGray.png,Gray,No,560,140,Gray,Black,1x1,Able Sisters,Available from Able Sisters shop only,1.0.0,Cool,work,For sale,AccessoryGlassMirrorGray,6039,J4EgETRkyeSESkRB7,accessories
retro shades,https://acnhcdn.com/latest/ClosetIcon/AccessoryGlassRetro0.png,https://acnhcdn.com/latest/FtrIcon/AccessoryGlassRetro0.png,Yellow,No,1560,390,White,Orange,1x1,Able Sisters,Available from Able Sisters shop only,1.0.0,Elegant,everyday; party; vacation,For sale,AccessoryGlassRetro0,4456,SFFhXhR5sYQzJwXWj,accessories
retro shades,https://acnhcdn.com/latest/ClosetIcon/AccessoryGlassRetro1.png,https://acnhcdn.com/latest/FtrIcon/AccessoryGlassRetro1.png,Green,No,1560,390,Green,Green,1x1,Able Sisters,Available from Able Sisters shop only,1.0.0,Elegant,everyday; party; vacation,For sale,AccessoryGlassRetro1,11209,zYw3PhLHsw2KZ7TBK,accessories
retro shades,https://acnhcdn.com/latest/ClosetIcon/AccessoryGlassRetro2.png,https://acnhcdn.com/latest/FtrIcon/AccessoryGlassRetro2.png,Red,No,1560,390,Pink,Red,1x1,Able Sisters,Available from Able Sisters shop only,1.0.0,Elegant,everyday; party; vacation,For sale,AccessoryGlassRetro2,11210,zg6uY6WZNQcopNq67,accessories
retro shades,https://acnhcdn.com/latest/ClosetIcon/AccessoryGlassRetro3.png,https://acnhcdn.com/latest/FtrIcon/AccessoryGlassRetro3.png,Purple,No,1560,390,Pink,Purple,1x1,Able Sisters,Available from Able Sisters shop only,1.0.0,Elegant,everyday; party; vacation,For sale,AccessoryGlassRetro3,11211,QqEG7ktLKMaXweFzg,accessories
retro shades,https://acnhcdn.com/latest/ClosetIcon/AccessoryGlassRetro4.png,https://acnhcdn.com/latest/FtrIcon/AccessoryGlassRetro4.png,Blue,No,1560,390,Light blue,Green,1x1,Able Sisters,Available from Able Sisters shop only,1.0.0,Elegant,everyday; party; vacation,For sale,AccessoryGlassRetro4,11212,cJCaAmMdqrHG8uDLH,accessories
retro shades,https://acnhcdn.com/latest/ClosetIcon/AccessoryGlassRetro5.png,https://acnhcdn.com/latest/FtrIcon/AccessoryGlassRetro5.png,Gray,No,1560,390,Gray,Black,1x1,Able Sisters,Available from Able Sisters shop only,1.0.0,Elegant,everyday; party; vacation,For sale,AccessoryGlassRetro5,11213,6oqHAyihAjKRfH72Z,accessories
rhinestone shades,https://acnhcdn.com/latest/ClosetIcon/AccessoryGlassRhinestone0.png,https://acnhcdn.com/latest/FtrIcon/AccessoryGlassRhinestone0.png,Red,No,1040,260,Red,Red,1x1,Able Sisters,Available from Able Sisters shop only,1.0.0,Gorgeous,party; theatrical; vacation,For sale,AccessoryGlassRhinestone0,4683,BJFhJqt9KuaWGaWuM,accessories
rhinestone shades,https://acnhcdn.com/latest/ClosetIcon/AccessoryGlassRhinestone1.png,https://acnhcdn.com/latest/FtrIcon/AccessoryGlassRhinestone1.png,Ochre,No,1040,260,Brown,Black,1x1,Able Sisters,Available from Able Sisters shop only,1.0.0,Gorgeous,party; theatrical; vacation,For sale,AccessoryGlassRhinestone1,11226,iwtSmya59DpyGFB97,accessories
rhinestone shades,https://acnhcdn.com/latest/ClosetIcon/AccessoryGlassRhinestone2.png,https://acnhcdn.com/latest/FtrIcon/AccessoryGlassRhinestone2.png,Purple,No,1040,260,Purple,Black,1x1,Able Sisters,Available from Able Sisters shop only,1.0.0,Gorgeous,party; theatrical; vacation,For sale,AccessoryGlassRhinestone2,11227,qy2BWYZvJedPJ69yX,accessories
rimmed glasses,https://acnhcdn.com/latest/ClosetIcon/AccessoryGlassCircle0.png,https://acnhcdn.com/latest/FtrIcon/AccessoryGlassCircle0.png,Black,No,630,157,Black,Black,1x1,Able Sisters,Available from either Mable's temporary shop or Able Sisters shop,1.0.0,Elegant,everyday; formal; work,For sale,AccessoryGlassCircle0,4235,DyPvwyWQK47TL4tjW,accessories
rimmed glasses,https://acnhcdn.com/latest/ClosetIcon/AccessoryGlassCircle1.png,https://acnhcdn.com/latest/FtrIcon/AccessoryGlassCircle1.png,Gold,No,630,157,Yellow,Yellow,1x1,Able Sisters,Available from either Mable's temporary shop or Able Sisters shop,1.0.0,Elegant,everyday; formal; work,For sale,AccessoryGlassCircle1,11184,xqu5YAX6AmrXR4Qmd,accessories
rimmed glasses,https://acnhcdn.com/latest/ClosetIcon/AccessoryGlassCircle2.png,https://acnhcdn.com/latest/FtrIcon/AccessoryGlassCircle2.png,Gray,No,630,157,Gray,Gray,1x1,Able Sisters,Available from either Mable's temporary shop or Able Sisters shop,1.0.0,Elegant,everyday; formal; work,For sale,AccessoryGlassCircle2,11185,jA7gAHyzXHk8qBRuq,accessories
rimmed glasses,https://acnhcdn.com/latest/ClosetIcon/AccessoryGlassCircle3.png,https://acnhcdn.com/latest/FtrIcon/AccessoryGlassCircle3.png,Brown,No,630,157,Brown,Brown,1x1,Able Sisters,Available from either Mable's temporary shop or Able Sisters shop,1.0.0,Elegant,everyday; formal; work,For sale,AccessoryGlassCircle3,11186,RpfNwdBEPoqgF5pkh,accessories
rimmed glasses,https://acnhcdn.com/latest/ClosetIcon/AccessoryGlassCircle4.png,https://acnhcdn.com/latest/FtrIcon/AccessoryGlassCircle4.png,Purple,No,630,157,Purple,Purple,1x1,Able Sisters,Available from either Mable's temporary shop or Able Sisters shop,1.0.0,Elegant,everyday; formal; work,For sale,AccessoryGlassCircle4,11187,fjKzCMBMhcJNEjsTv,accessories
round shades,https://acnhcdn.com/latest/ClosetIcon/AccessoryGlassBoston0.png,https://acnhcdn.com/latest/FtrIcon/AccessoryGlassBoston0.png,Black,No,1560,390,Black,Black,1x1,Able Sisters,Available from Able Sisters shop only,1.0.0,Cool,everyday; party; vacation,For sale,AccessoryGlassBoston0,4241,SdqiPF4Fzw8HrPY4k,accessories
round shades,https://acnhcdn.com/latest/ClosetIcon/AccessoryGlassBoston1.png,https://acnhcdn.com/latest/FtrIcon/AccessoryGlassBoston1.png,Green,No,1560,390,Green,Black,1x1,Able Sisters,Available from Able Sisters shop only,1.0.0,Cool,everyday; party; vacation,For sale,AccessoryGlassBoston1,11196,Mf9c5DHdko9uWo2Hu,accessories
round shades,https://acnhcdn.com/latest/ClosetIcon/AccessoryGlassBoston2.png,https://acnhcdn.com/latest/FtrIcon/AccessoryGlassBoston2.png,Blue,No,1560,390,Blue,Black,1x1,Able Sisters,Available from Able Sisters shop only,1.0.0,Cool,everyday; party; vacation,For sale,AccessoryGlassBoston2,11197,hyhWF8rW2Y2AkXGTj,accessories
round shades,https://acnhcdn.com/latest/ClosetIcon/AccessoryGlassBoston3.png,https://acnhcdn.com/latest/FtrIcon/AccessoryGlassBoston3.png,Yellow,No,1560,390,Yellow,Black,1x1,Able Sisters,Available from Able Sisters shop only,1.0.0,Cool,everyday; party; vacation,For sale,AccessoryGlassBoston3,11198,BE37D4h9xHkhRwgmH,accessories
round shades,https://acnhcdn.com/latest/ClosetIcon/AccessoryGlassBoston4.png,https://acnhcdn.com/latest/FtrIcon/AccessoryGlassBoston4.png,Pink,No,1560,390,Pink,Black,1x1,Able Sisters,Available from Able Sisters shop only,1.0.0,Cool,everyday; party; vacation,For sale,AccessoryGlassBoston4,11199,KFNjnL6rqYckLECFB,accessories
round shades,https://acnhcdn.com/latest/ClosetIcon/AccessoryGlassBoston5.png,https://acnhcdn.com/latest/FtrIcon/AccessoryGlassBoston5.png,Red,No,1560,390,Red,Black,1x1,Able Sisters,Available from Able Sisters shop only,1.0.0,Cool,everyday; party; vacation,For sale,AccessoryGlassBoston5,11200,Z9bJ6cYkY6hC4mL4o,accessories
round shades,https://acnhcdn.com/latest/ClosetIcon/AccessoryGlassBoston6.png,https://acnhcdn.com/latest/FtrIcon/AccessoryGlassBoston6.png,White,No,1560,390,White,Black,1x1,Able Sisters,Available from Able Sisters shop only,1.0.0,Cool,everyday; party; vacation,For sale,AccessoryGlassBoston6,11201,z8KywWDutyXSsgXoy,accessories
round shades,https://acnhcdn.com/latest/ClosetIcon/AccessoryGlassBoston7.png,https://acnhcdn.com/latest/FtrIcon/AccessoryGlassBoston7.png,Purple,No,1560,390,Purple,Black,1x1,Able Sisters,Available from Able Sisters shop only,1.0.0,Cool,everyday; party; vacation,For sale,AccessoryGlassBoston7,11202,fy6sue9jdYtpwh4Aq,accessories
round tinted shades,https://acnhcdn.com/latest/ClosetIcon/AccessoryGlassRound0.png,https://acnhcdn.com/latest/FtrIcon/AccessoryGlassRound0.png,Brown,No,880,220,Orange,Brown,1x1,Able Sisters,Available from either Mable's temporary shop or Able Sisters shop,1.0.0,Simple,everyday; formal,For sale,AccessoryGlassRound0,4607,GdrT6sBLFECRG8LyN,accessories
round tinted shades,https://acnhcdn.com/latest/ClosetIcon/AccessoryGlassRound1.png,https://acnhcdn.com/latest/FtrIcon/AccessoryGlassRound1.png,Light brown,No,880,220,Orange,Brown,1x1,Able Sisters,Available from either Mable's temporary shop or Able Sisters shop,1.0.0,Simple,everyday; formal,For sale,AccessoryGlassRound1,11220,KqtiBXYfKejymQ4Wg,accessories
round tinted shades,https://acnhcdn.com/latest/ClosetIcon/AccessoryGlassRound2.png,https://acnhcdn.com/latest/FtrIcon/AccessoryGlassRound2.png,Dark brown,No,880,220,Brown,Brown,1x1,Able Sisters,Available from either Mable's temporary shop or Able Sisters shop,1.0.0,Simple,everyday; formal,For sale,AccessoryGlassRound2,11221,tfuBgNyNNSXc3o4Q2,accessories
round tinted shades,https://acnhcdn.com/latest/ClosetIcon/AccessoryGlassRound3.png,https://acnhcdn.com/latest/FtrIcon/AccessoryGlassRound3.png,Green,No,880,220,Green,Brown,1x1,Able Sisters,Available from either Mable's temporary shop or Able Sisters shop,1.0.0,Simple,everyday; formal,For sale,AccessoryGlassRound3,11222,CeX6fKZRL2XFK7jnW,accessories
rounded beard,https://acnhcdn.com/latest/ClosetIcon/AccessoryMouthBeardRoundBlack.png,https://acnhcdn.com/latest/FtrIcon/AccessoryMouthBeardRoundBlack.png,Black,No,980,245,Colorful,Colorful,1x1,Able Sisters,Available from Able Sisters shop only,1.0.0,Cool,everyday; comfy; theatrical,For sale,AccessoryMouthBeardRoundBlack,4679,As4RR5kDBbDWqHP69,accessories
shattered glasses,https://acnhcdn.com/latest/ClosetIcon/AccessoryGlassCrackBlack.png,https://acnhcdn.com/latest/FtrIcon/AccessoryGlassCrackBlack.png,Black,No,NFS,10,Black,Light blue,1x1,Recycle bin,,1.0.0,Simple,goth,Not for sale,AccessoryGlassCrackBlack,4337,9nxh9LSDKZoYjygJg,accessories
ski goggles,https://acnhcdn.com/latest/ClosetIcon/AccessoryGlassGogglesski0.png,https://acnhcdn.com/latest/FtrIcon/AccessoryGlassGogglesski0.png,White,No,980,245,Orange,White,1x1,Able Sisters,Available from Able Sisters shop only,1.0.0,Active,outdoorsy; sporty,For sale,AccessoryGlassGogglesski0,4453,GWhWLPt3sExfeAG2c,accessories
ski goggles,https://acnhcdn.com/latest/ClosetIcon/AccessoryGlassGogglesski1.png,https://acnhcdn.com/latest/FtrIcon/AccessoryGlassGogglesski1.png,Yellow,No,980,245,Pink,Yellow,1x1,Able Sisters,Available from Able Sisters shop only,1.0.0,Active,outdoorsy; sporty,For sale,AccessoryGlassGogglesski1,11479,NwNqq5g2iw4DeMsBY,accessories
ski goggles,https://acnhcdn.com/latest/ClosetIcon/AccessoryGlassGogglesski2.png,https://acnhcdn.com/latest/FtrIcon/AccessoryGlassGogglesski2.png,Purple,No,980,245,Green,Blue,1x1,Able Sisters,Available from Able Sisters shop only,1.0.0,Active,outdoorsy; sporty,For sale,AccessoryGlassGogglesski2,11480,4umKSoR2BWtW6JyFK,accessories
ski goggles,https://acnhcdn.com/latest/ClosetIcon/AccessoryGlassGogglesski3.png,https://acnhcdn.com/latest/FtrIcon/AccessoryGlassGogglesski3.png,Pink,No,980,245,Purple,Pink,1x1,Able Sisters,Available from Able Sisters shop only,1.0.0,Active,outdoorsy; sporty,For sale,AccessoryGlassGogglesski3,11481,RBByDZoTeK5b6jvXn,accessories
ski goggles,https://acnhcdn.com/latest/ClosetIcon/AccessoryGlassGogglesski4.png,https://acnhcdn.com/latest/FtrIcon/AccessoryGlassGogglesski4.png,Green,No,980,245,Blue,Green,1x1,Able Sisters,Available from Able Sisters shop only,1.0.0,Active,outdoorsy; sporty,For sale,AccessoryGlassGogglesski4,11482,SydPBHGEnpRAKuCfq,accessories
ski goggles,https://acnhcdn.com/latest/ClosetIcon/AccessoryGlassGogglesski5.png,https://acnhcdn.com/latest/FtrIcon/AccessoryGlassGogglesski5.png,Orange,No,980,245,Light blue,Orange,1x1,Able Sisters,Available from Able Sisters shop only,1.0.0,Active,outdoorsy; sporty,For sale,AccessoryGlassGogglesski5,11483,vSksuA8nCN72Tq3ji,accessories
sporty shades,https://acnhcdn.com/latest/ClosetIcon/AccessoryGlassSports0.png,https://acnhcdn.com/latest/FtrIcon/AccessoryGlassSports0.png,Black,No,1300,325,Black,Orange,1x1,Able Sisters,Available from either Mable's temporary shop or Able Sisters shop,1.0.0,Active,outdoorsy; sporty,For sale,AccessoryGlassSports0,4458,QkHqffg8X4eTL6PXX,accessories
sporty shades,https://acnhcdn.com/latest/ClosetIcon/AccessoryGlassSports1.png,https://acnhcdn.com/latest/FtrIcon/AccessoryGlassSports1.png,White,No,1300,325,White,Orange,1x1,Able Sisters,Available from either Mable's temporary shop or Able Sisters shop,1.0.0,Active,outdoorsy; sporty,For sale,AccessoryGlassSports1,11489,CA5YASgCBpgL2PSpX,accessories
sporty shades,https://acnhcdn.com/latest/ClosetIcon/AccessoryGlassSports2.png,https://acnhcdn.com/latest/FtrIcon/AccessoryGlassSports2.png,Pink,No,1300,325,Pink,Pink,1x1,Able Sisters,Available from either Mable's temporary shop or Able Sisters shop,1.0.0,Active,outdoorsy; sporty,For sale,AccessoryGlassSports2,11490,GgdcckY8p5Rg5NyTY,accessories
sporty shades,https://acnhcdn.com/latest/ClosetIcon/AccessoryGlassSports3.png,https://acnhcdn.com/latest/FtrIcon/AccessoryGlassSports3.png,Lime,No,1300,325,Green,Light blue,1x1,Able Sisters,Available from either Mable's temporary shop or Able Sisters shop,1.0.0,Active,outdoorsy; sporty,For sale,AccessoryGlassSports3,11491,uwEjreWEdYSbuxXE9,accessories
sporty shades,https://acnhcdn.com/latest/ClosetIcon/AccessoryGlassSports4.png,https://acnhcdn.com/latest/FtrIcon/AccessoryGlassSports4.png,Light blue,No,1300,325,Light blue,Blue,1x1,Able Sisters,Available from either Mable's temporary shop or Able Sisters shop,1.0.0,Active,outdoorsy; sporty,For sale,AccessoryGlassSports4,11492,THB8TWPykhsELXErr,accessories
square glasses,https://acnhcdn.com/latest/ClosetIcon/AccessoryGlassSquare0.png,https://acnhcdn.com/latest/FtrIcon/AccessoryGlassSquare0.png,Brown,No,880,220,Brown,Brown,1x1,Able Sisters,Available from either Mable's temporary shop or Able Sisters shop,1.0.0,Simple,everyday; formal; work,For sale,AccessoryGlassSquare0,4236,rAzkKijSEqXzoAZKY,accessories
square glasses,https://acnhcdn.com/latest/ClosetIcon/AccessoryGlassSquare1.png,https://acnhcdn.com/latest/FtrIcon/AccessoryGlassSquare1.png,Black,No,880,220,Black,Black,1x1,Able Sisters,Available from either Mable's temporary shop or Able Sisters shop,1.0.0,Simple,everyday; formal; work,For sale,AccessoryGlassSquare1,11066,LhvFWS5ADiDiPJwai,accessories
square glasses,https://acnhcdn.com/latest/ClosetIcon/AccessoryGlassSquare2.png,https://acnhcdn.com/latest/FtrIcon/AccessoryGlassSquare2.png,Gray,No,880,220,Gray,Gray,1x1,Able Sisters,Available from either Mable's temporary shop or Able Sisters shop,1.0.0,Simple,everyday; formal; work,For sale,AccessoryGlassSquare2,11067,QxFwFytYcWo5acGtW,accessories
square glasses,https://acnhcdn.com/latest/ClosetIcon/AccessoryGlassSquare3.png,https://acnhcdn.com/latest/FtrIcon/AccessoryGlassSquare3.png,Blue,No,880,220,Blue,Blue,1x1,Able Sisters,Available from either Mable's temporary shop or Able Sisters shop,1.0.0,Simple,everyday; formal; work,For sale,AccessoryGlassSquare3,11068,CvziuqadDpoQgGK4C,accessories
stache & glasses,https://acnhcdn.com/latest/ClosetIcon/AccessoryGlassmouthBeard0.png,https://acnhcdn.com/latest/FtrIcon/AccessoryGlassmouthBeard0.png,Black,No,770,192,Black,Orange,1x1,Able Sisters,Available from Able Sisters shop only,1.0.0,Cute,party; theatrical,For sale,AccessoryGlassmouthBeard0,4501,s7hDzZ3ajPpK9fnEW,accessories
stache & glasses,https://acnhcdn.com/latest/ClosetIcon/AccessoryGlassmouthBeard1.png,https://acnhcdn.com/latest/FtrIcon/AccessoryGlassmouthBeard1.png,Red,No,770,192,Red,Black,1x1,Able Sisters,Available from Able Sisters shop only,1.0.0,Cute,party; theatrical,For sale,AccessoryGlassmouthBeard1,11007,M8owND8DnAEKA9nuX,accessories
star shades,https://acnhcdn.com/latest/ClosetIcon/AccessoryGlassStar0.png,https://acnhcdn.com/latest/FtrIcon/AccessoryGlassStar0.png,Yellow,No,880,220,Yellow,Black,1x1,Able Sisters,Available from either Mable's temporary shop or Able Sisters shop,1.0.0,Cute,party; vacation,For sale,AccessoryGlassStar0,4240,y4n8SisxyS7dGRWL7,accessories
star shades,https://acnhcdn.com/latest/ClosetIcon/AccessoryGlassStar1.png,https://acnhcdn.com/latest/FtrIcon/AccessoryGlassStar1.png,Pink,No,880,220,Pink,Black,1x1,Able Sisters,Available from either Mable's temporary shop or Able Sisters shop,1.0.0,Cute,party; vacation,For sale,AccessoryGlassStar1,11192,PCZAYraP9kdaqnZy7,accessories
star shades,https://acnhcdn.com/latest/ClosetIcon/AccessoryGlassStar2.png,https://acnhcdn.com/latest/FtrIcon/AccessoryGlassStar2.png,Blue,No,880,220,Light blue,Black,1x1,Able Sisters,Available from either Mable's temporary shop or Able Sisters shop,1.0.0,Cute,party; vacation,For sale,AccessoryGlassStar2,11193,h4zk6rrWiX94jefGH,accessories
star shades,https://acnhcdn.com/latest/ClosetIcon/AccessoryGlassStar3.png,https://acnhcdn.com/latest/FtrIcon/AccessoryGlassStar3.png,Purple,No,880,220,Purple,Black,1x1,Able Sisters,Available from either Mable's temporary shop or Able Sisters shop,1.0.0,Cute,party; vacation,For sale,AccessoryGlassStar3,11194,GiBvxa93RwTN46zhE,accessories
star shades,https://acnhcdn.com/latest/ClosetIcon/AccessoryGlassStar4.png,https://acnhcdn.com/latest/FtrIcon/AccessoryGlassStar4.png,Green,No,880,220,Green,Black,1x1,Able Sisters,Available from either Mable's temporary shop or Able Sisters shop,1.0.0,Cute,party; vacation,For sale,AccessoryGlassStar4,11195,PaF6nho2LRBu5x7Pi,accessories
steampunk glasses,https://acnhcdn.com/latest/ClosetIcon/AccessoryGlassSteampunk0.png,https://acnhcdn.com/latest/FtrIcon/AccessoryGlassSteampunk0.png,Green,No,1300,325,Brown,Green,1x1,Able Sisters,Available from Able Sisters shop only,1.0.0,Gorgeous,fairy tale; theatrical,For sale,AccessoryGlassSteampunk0,4685,uANDLz5EDWphoM3Lc,accessories
steampunk glasses,https://acnhcdn.com/latest/ClosetIcon/AccessoryGlassSteampunk1.png,https://acnhcdn.com/latest/FtrIcon/AccessoryGlassSteampunk1.png,Purple,No,1300,325,Brown,Purple,1x1,Able Sisters,Available from Able Sisters shop only,1.0.0,Gorgeous,fairy tale; theatrical,For sale,AccessoryGlassSteampunk1,11505,Rhhrv89PGEMbdbdPt,accessories
sticky rice,https://acnhcdn.com/latest/ClosetIcon/AccessoryMouthRice.png,https://acnhcdn.com/latest/FtrIcon/AccessoryMouthRice.png,White,No,490,122,White,White,1x1,Able Sisters,Available from either Mable's temporary shop or Able Sisters shop,1.0.0,Simple,comfy,For sale,AccessoryMouthRice,4652,isnXDFfGkHKKB8bMP,accessories
superhero mask,https://acnhcdn.com/latest/ClosetIcon/AccessoryGlassHeromaskBlack.png,https://acnhcdn.com/latest/FtrIcon/AccessoryGlassHeromaskBlack.png,Black,No,1040,260,Black,Black,1x1,Able Sisters,Available from Able Sisters shop only,1.0.0,Cool,fairy tale; theatrical; work,For sale,AccessoryGlassHeromaskBlack,4684,fK2Xz8nxAebSkWNdE,accessories
tiny shades,https://acnhcdn.com/latest/ClosetIcon/AccessoryGlassMini0.png,https://acnhcdn.com/latest/FtrIcon/AccessoryGlassMini0.png,Gold,No,1100,275,Yellow,Black,1x1,Able Sisters,Available from either Mable's temporary shop or Able Sisters shop,1.0.0,Cool,fairy tale; formal,For sale,AccessoryGlassMini0,4461,DnZtrKfwj3MAy6PZc,accessories
tiny shades,https://acnhcdn.com/latest/ClosetIcon/AccessoryGlassMini1.png,https://acnhcdn.com/latest/FtrIcon/AccessoryGlassMini1.png,Black,No,1100,275,Black,Black,1x1,Able Sisters,Available from either Mable's temporary shop or Able Sisters shop,1.0.0,Cool,fairy tale; formal,For sale,AccessoryGlassMini1,11215,tCxZoqcR8egLcu4oh,accessories
tiny shades,https://acnhcdn.com/latest/ClosetIcon/AccessoryGlassMini2.png,https://acnhcdn.com/latest/FtrIcon/AccessoryGlassMini2.png,Berry red,No,1100,275,Red,Black,1x1,Able Sisters,Available from either Mable's temporary shop or Able Sisters shop,1.0.0,Cool,fairy tale; formal,For sale,AccessoryGlassMini2,11216,8YkgkHp2z5tycST3j,accessories
tortoise specs,https://acnhcdn.com/latest/ClosetIcon/AccessoryGlassTortoiseshell0.png,https://acnhcdn.com/latest/FtrIcon/AccessoryGlassTortoiseshell0.png,Brown,No,1040,260,Brown,Orange,1x1,Able Sisters,Available from either Mable's temporary shop or Able Sisters shop,1.0.0,Simple,everyday; formal,For sale,AccessoryGlassTortoiseshell0,4460,kqomsYL33TB7zaNtY,accessories
tortoise specs,https://acnhcdn.com/latest/ClosetIcon/AccessoryGlassTortoiseshell1.png,https://acnhcdn.com/latest/FtrIcon/AccessoryGlassTortoiseshell1.png,Beige,No,1040,260,Orange,Beige,1x1,Able Sisters,Available from either Mable's temporary shop or Able Sisters shop,1.0.0,Simple,everyday; formal,For sale,AccessoryGlassTortoiseshell1,11079,jewJFqgFQTHKyAKTz,accessories
tortoise specs,https://acnhcdn.com/latest/ClosetIcon/AccessoryGlassTortoiseshell2.png,https://acnhcdn.com/latest/FtrIcon/AccessoryGlassTortoiseshell2.png,Black,No,1040,260,Black,Beige,1x1,Able Sisters,Available from either Mable's temporary shop or Able Sisters shop,1.0.0,Simple,everyday; formal,For sale,AccessoryGlassTortoiseshell2,11080,fEshNAFDwcyo9v2fX,accessories
triangle shades,https://acnhcdn.com/latest/ClosetIcon/AccessoryGlassTriangle0.png,https://acnhcdn.com/latest/FtrIcon/AccessoryGlassTriangle0.png,Red,No,880,220,Red,Purple,1x1,Able Sisters,Available from either Mable's temporary shop or Able Sisters shop,1.0.0,Cute,party; vacation,For sale,AccessoryGlassTriangle0,4242,cw8m5tS85qMGGnpy9,accessories
triangle shades,https://acnhcdn.com/latest/ClosetIcon/AccessoryGlassTriangle1.png,https://acnhcdn.com/latest/FtrIcon/AccessoryGlassTriangle1.png,Orange,No,880,220,Orange,Purple,1x1,Able Sisters,Available from either Mable's temporary shop or Able Sisters shop,1.0.0,Cute,party; vacation,For sale,AccessoryGlassTriangle1,11203,cR58LxuFK4Kcxh7fc,accessories
triangle shades,https://acnhcdn.com/latest/ClosetIcon/AccessoryGlassTriangle2.png,https://acnhcdn.com/latest/FtrIcon/AccessoryGlassTriangle2.png,Blue,No,880,220,Light blue,Purple,1x1,Able Sisters,Available from either Mable's temporary shop or Able Sisters shop,1.0.0,Cute,party; vacation,For sale,AccessoryGlassTriangle2,11204,xSM4vD2KSok5cjo6p,accessories
triangle shades,https://acnhcdn.com/latest/ClosetIcon/AccessoryGlassTriangle3.png,https://acnhcdn.com/latest/FtrIcon/AccessoryGlassTriangle3.png,Purple,No,880,220,Purple,Purple,1x1,Able Sisters,Available from either Mable's temporary shop or Able Sisters shop,1.0.0,Cute,party; vacation,For sale,AccessoryGlassTriangle3,11205,vAuSuBJcAfyMR6wk7,accessories
triangle shades,https://acnhcdn.com/latest/ClosetIcon/AccessoryGlassTriangle4.png,https://acnhcdn.com/latest/FtrIcon/AccessoryGlassTriangle4.png,Green,No,880,220,Green,Purple,1x1,Able Sisters,Available from either Mable's temporary shop or Able Sisters shop,1.0.0,Cute,party; vacation,For sale,AccessoryGlassTriangle4,11206,4edkdodmNhmpkSCBo,accessories
triangle shades,https://acnhcdn.com/latest/ClosetIcon/AccessoryGlassTriangle5.png,https://acnhcdn.com/latest/FtrIcon/AccessoryGlassTriangle5.png,White,No,880,220,White,Purple,1x1,Able Sisters,Available from either Mable's temporary shop or Able Sisters shop,1.0.0,Cute,party; vacation,For sale,AccessoryGlassTriangle5,11207,QpAQQTRoBmcjNBeEK,accessories
triangle shades,https://acnhcdn.com/latest/ClosetIcon/AccessoryGlassTriangle6.png,https://acnhcdn.com/latest/FtrIcon/AccessoryGlassTriangle6.png,Black,No,880,220,Black,Purple,1x1,Able Sisters,Available from either Mable's temporary shop or Able Sisters shop,1.0.0,Cute,party; vacation,For sale,AccessoryGlassTriangle6,11208,vGHab8KFNDFRgW5h6,accessories
wooden-frame glasses,https://acnhcdn.com/latest/ClosetIcon/AccessoryGlassWood0.png,https://acnhcdn.com/latest/FtrIcon/AccessoryGlassWood0.png,Brown,No,1560,390,Brown,Gray,1x1,Able Sisters,Available from either Mable's temporary shop or Able Sisters shop,1.0.0,Simple,everyday; formal; work,For sale,AccessoryGlassWood0,4669,dbnqry4vZBvK6LrS2,accessories
wooden-frame glasses,https://acnhcdn.com/latest/ClosetIcon/AccessoryGlassWood1.png,https://acnhcdn.com/latest/FtrIcon/AccessoryGlassWood1.png,Dark brown,No,1560,390,Brown,Yellow,1x1,Able Sisters,Available from either Mable's temporary shop or Able Sisters shop,1.0.0,Simple,everyday; formal; work,For sale,AccessoryGlassWood1,11093,2MufTC9TPErbryyKS,accessories