Name,Framed Image,Album Image,Buy,Sell,Color 1,Color 2,Size,Source,Source Notes,Version,Catalog,Filename,Internal ID,Unique Entry ID,category
Agent K.K.,https://acnhcdn.com/latest/FtrIcon/mjk_Keiji.png,https://acnhcdn.com/latest/Audio/mjk_Keiji.png,3200,800,Brown,Orange,1x1,"K.K. concert, Nook Shopping Catalog","Possible song KK will play when choosing ""It's hard to say."" as your mood",1.0.0,For sale,mjk_Keiji,2472,omxkkikQ5jwtoGiXa,music
Aloha K.K.,https://acnhcdn.com/latest/FtrIcon/mjk_Aloha.png,https://acnhcdn.com/latest/Audio/mjk_Aloha.png,3200,800,Brown,Light blue,1x1,"K.K. concert, Nook Shopping Catalog","Possible song KK will play when choosing ""Laid-back."" as your mood",1.0.0,For sale,mjk_Aloha,2423,rxKK6nfmC4rWvXxCv,music
Animal City,https://acnhcdn.com/latest/FtrIcon/mjk_DoubutuNoMachi.png,https://acnhcdn.com/latest/Audio/mjk_DoubutuNoMachi.png,NFS,800,Brown,None,1x1,K.K. concert,Hidden song - only by request,1.0.0,Not for sale,mjk_DoubutuNoMachi,4312,PTLK2jL5rb7t5Rm5j,music
Bubblegum K.K.,https://acnhcdn.com/latest/FtrIcon/mjk_Idol.png,https://acnhcdn.com/latest/Audio/mjk_Idol.png,3200,800,Brown,Light blue,1x1,"K.K. concert, Nook Shopping Catalog","Possible song KK will play when choosing ""I feel good!"" as your mood",1.0.0,For sale,mjk_Idol,2492,ZgwCoTem6x9efZAnD,music
Café K.K.,https://acnhcdn.com/latest/FtrIcon/mjk_Paris.png,https://acnhcdn.com/latest/Audio/mjk_Paris.png,3200,800,Brown,Colorful,1x1,"K.K. concert, Nook Shopping Catalog","Possible song KK will play when choosing ""I feel good!"" as your mood",1.0.0,For sale,mjk_Paris,2454,ZXwXi8YnFpks2RPuK,music
Comrade K.K.,https://acnhcdn.com/latest/FtrIcon/mjk_ShowaKayo.png,https://acnhcdn.com/latest/Audio/mjk_ShowaKayo.png,3200,800,Brown,White,1x1,"K.K. concert, Nook Shopping Catalog","Possible song KK will play when choosing ""A little blue..."" as your mood",1.0.0,For sale,mjk_ShowaKayo,2448,5ufeoTSFwRxQTrXdq,music
DJ K.K.,https://acnhcdn.com/latest/FtrIcon/mjk_EuroBeat.png,https://acnhcdn.com/latest/Audio/mjk_EuroBeat.png,3200,800,Brown,Pink,1x1,"K.K. concert, Nook Shopping Catalog","Possible song KK will play when choosing ""A little grumpy..."" as your mood",1.0.0,For sale,mjk_EuroBeat,2443,6H8pzhuYdfNpD8KTd,music
Drivin',https://acnhcdn.com/latest/FtrIcon/mjk_Drive.png,https://acnhcdn.com/latest/Audio/mjk_Drive.png,NFS,800,Brown,None,1x1,K.K. concert,Hidden song - only by request,1.0.0,Not for sale,mjk_Drive,4314,at7FbmJfbKvsGHB5T,music
Farewell,https://acnhcdn.com/latest/FtrIcon/mjk_Sayonara.png,https://acnhcdn.com/latest/Audio/mjk_Sayonara.png,NFS,800,Brown,None,1x1,K.K. concert,Hidden song - only by request,1.0.0,Not for sale,mjk_Sayonara,4313,diprrz97SbCJGzXM3,music
Forest Life,https://acnhcdn.com/latest/FtrIcon/mjk_MoriNoSeikatsu.png,https://acnhcdn.com/latest/Audio/mjk_MoriNoSeikatsu.png,3200,800,Brown,Yellow,1x1,"K.K. concert, Nook Shopping Catalog","Possible song KK will play when choosing ""Laid-back."" as your mood",1.0.0,For sale,mjk_MoriNoSeikatsu,2461,ZM4S88gPPapGknNeR,music
Go K.K. Rider,https://acnhcdn.com/latest/FtrIcon/mjk_KekeRider.png,https://acnhcdn.com/latest/Audio/mjk_KekeRider.png,3200,800,Brown,White,1x1,"K.K. concert, Nook Shopping Catalog","Possible song KK will play when choosing ""A little grumpy..."" as your mood",1.0.0,For sale,mjk_KekeRider,2450,w6jLsBX6ZX4oPDwDh,music
Hypno K.K.,https://acnhcdn.com/latest/FtrIcon/mjk_UtataneNoYume.png,https://acnhcdn.com/latest/Audio/mjk_UtataneNoYume.png,3200,800,Brown,White,1x1,"K.K. concert, Nook Shopping Catalog","Possible song KK will play when choosing ""It's hard to say."" as your mood",1.0.0,For sale,mjk_UtataneNoYume,2480,qwHrcscJZNxD5mn8k,music
I Love You,https://acnhcdn.com/latest/FtrIcon/mjk_Daisuki.png,https://acnhcdn.com/latest/Audio/mjk_Daisuki.png,3200,800,Brown,Colorful,1x1,"K.K. concert, Nook Shopping Catalog","Possible song KK will play when choosing ""Laid-back."" as your mood",1.0.0,For sale,mjk_Daisuki,2458,cic3w9hqeY222ni2z,music
Imperial K.K.,https://acnhcdn.com/latest/FtrIcon/mjk_China.png,https://acnhcdn.com/latest/Audio/mjk_China.png,3200,800,Brown,Pink,1x1,"K.K. concert, Nook Shopping Catalog","Possible song KK will play when choosing ""A little grumpy..."" as your mood",1.0.0,For sale,mjk_China,2427,6y3ftdfGBa3oYAfrA,music
K.K. Adventure,https://acnhcdn.com/latest/FtrIcon/mjk_Hollywood.png,https://acnhcdn.com/latest/Audio/mjk_Hollywood.png,3200,800,Brown,Orange,1x1,"K.K. concert, Nook Shopping Catalog","Possible song KK will play when choosing ""A little grumpy..."" as your mood",1.0.0,For sale,mjk_Hollywood,2484,6FWZByesWNcjXBPQX,music
K.K. Aria,https://acnhcdn.com/latest/FtrIcon/mjk_Maria.png,https://acnhcdn.com/latest/Audio/mjk_Maria.png,3200,800,Brown,Blue,1x1,"K.K. concert, Nook Shopping Catalog","Possible song KK will play when choosing ""Laid-back."" as your mood",1.0.0,For sale,mjk_Maria,2413,9ZSqWa7JjfMhwPWEE,music
K.K. Ballad,https://acnhcdn.com/latest/FtrIcon/mjk_Ballad.png,https://acnhcdn.com/latest/Audio/mjk_Ballad.png,3200,800,Brown,Black,1x1,"K.K. concert, Nook Shopping Catalog","Possible song KK will play when choosing ""A little blue..."" as your mood",1.0.0,For sale,mjk_Ballad,2447,awbEqrBQ52aCi4YKj,music
K.K. Bazaar,https://acnhcdn.com/latest/FtrIcon/mjk_Roma.png,https://acnhcdn.com/latest/Audio/mjk_Roma.png,3200,800,Brown,Black,1x1,"K.K. concert, Nook Shopping Catalog","Possible song KK will play when choosing ""A little grumpy..."" as your mood",1.0.0,For sale,mjk_Roma,2486,yJdhdZPjGQSs4xL7a,music
K.K. Birthday,https://acnhcdn.com/latest/FtrIcon/mjk_BirthdaySong.png,https://acnhcdn.com/latest/Audio/mjk_BirthdaySong.png,NFS,800,Brown,Light blue,1x1,K.K. concert,Received on your first time seeing KK perform during your birthday,1.0.0,Not for sale,mjk_BirthdaySong,2495,xrFkTdiZ9fHkYMvDr,music
K.K. Blues,https://acnhcdn.com/latest/FtrIcon/mjk_Blues.png,https://acnhcdn.com/latest/Audio/mjk_Blues.png,3200,800,Brown,White,1x1,"K.K. concert, Nook Shopping Catalog","Possible song KK will play when choosing ""It's hard to say."" as your mood",1.0.0,For sale,mjk_Blues,2436,HtTcKk7AdJLrmwXXK,music
K.K. Bossa,https://acnhcdn.com/latest/FtrIcon/mjk_Bossa.png,https://acnhcdn.com/latest/Audio/mjk_Bossa.png,3200,800,Brown,White,1x1,"K.K. concert, Nook Shopping Catalog","Possible song KK will play when choosing ""Laid-back."" as your mood",1.0.0,For sale,mjk_Bossa,2415,Bu3tGw6JnhnMEabz2,music
K.K. Calypso,https://acnhcdn.com/latest/FtrIcon/mjk_Caripso.png,https://acnhcdn.com/latest/Audio/mjk_Caripso.png,3200,800,Brown,White,1x1,"K.K. concert, Nook Shopping Catalog","Possible song KK will play when choosing ""I feel good!"" as your mood",1.0.0,For sale,mjk_Caripso,2416,g7TbqwnzRw64kcmso,music
K.K. Casbah,https://acnhcdn.com/latest/FtrIcon/mjk_Turkey.png,https://acnhcdn.com/latest/Audio/mjk_Turkey.png,3200,800,Brown,Beige,1x1,"K.K. concert, Nook Shopping Catalog","Possible song KK will play when choosing ""A little grumpy..."" as your mood",1.0.0,For sale,mjk_Turkey,2428,CuWyihNkLbL5rwbYZ,music
K.K. Chorale,https://acnhcdn.com/latest/FtrIcon/mjk_Sanbika.png,https://acnhcdn.com/latest/Audio/mjk_Sanbika.png,3200,800,Brown,Beige,1x1,"K.K. concert, Nook Shopping Catalog","Possible song KK will play when choosing ""A little blue..."" as your mood",1.0.0,For sale,mjk_Sanbika,2405,rijxxXt45dqkXze5A,music
K.K. Condor,https://acnhcdn.com/latest/FtrIcon/mjk_Peru.png,https://acnhcdn.com/latest/Audio/mjk_Peru.png,3200,800,Brown,Beige,1x1,"K.K. concert, Nook Shopping Catalog","Possible song KK will play when choosing ""A little blue..."" as your mood",1.0.0,For sale,mjk_Peru,2425,EoALBg9oEc9NmJpaf,music
K.K. Country,https://acnhcdn.com/latest/FtrIcon/mjk_Country.png,https://acnhcdn.com/latest/Audio/mjk_Country.png,3200,800,Brown,Black,1x1,"K.K. concert, Nook Shopping Catalog","Possible song KK will play when choosing ""I feel good!"" as your mood",1.0.0,For sale,mjk_Country,2445,rN2cyPLzaZaMGmrwj,music
K.K. Cruisin',https://acnhcdn.com/latest/FtrIcon/mjk_Urban.png,https://acnhcdn.com/latest/Audio/mjk_Urban.png,3200,800,Brown,Black,1x1,"K.K. concert, Nook Shopping Catalog","Possible song KK will play when choosing ""A little grumpy..."" as your mood",1.0.0,For sale,mjk_Urban,2439,hPBjqhB66YBw6Tz4n,music
K.K. D&B,https://acnhcdn.com/latest/FtrIcon/mjk_Drumnbass.png,https://acnhcdn.com/latest/Audio/mjk_Drumnbass.png,3200,800,Brown,Colorful,1x1,"K.K. concert, Nook Shopping Catalog","Possible song KK will play when choosing ""It's hard to say."" as your mood",1.0.0,For sale,mjk_Drumnbass,2441,rkBHJtfrcabbt57bD,music
K.K. Dirge,https://acnhcdn.com/latest/FtrIcon/mjk_KowaiUta.png,https://acnhcdn.com/latest/Audio/mjk_KowaiUta.png,3200,800,Brown,Black,1x1,"K.K. concert, Nook Shopping Catalog","Possible song KK will play when choosing ""A little blue..."" as your mood",1.0.0,For sale,mjk_KowaiUta,2451,2DDYNvo8uNo5zNPo8,music
K.K. Disco,https://acnhcdn.com/latest/FtrIcon/mjk_Disco.png,https://acnhcdn.com/latest/Audio/mjk_Disco.png,3200,800,Brown,Colorful,1x1,"K.K. concert, Nook Shopping Catalog","Possible song KK will play when choosing ""I feel good!"" as your mood",1.0.0,For sale,mjk_Disco,2494,tAZn6EXuFip47sbbo,music
K.K. Dixie,https://acnhcdn.com/latest/FtrIcon/mjk_Dixie.png,https://acnhcdn.com/latest/Audio/mjk_Dixie.png,3200,800,Brown,Colorful,1x1,"K.K. concert, Nook Shopping Catalog","Possible song KK will play when choosing ""I feel good!"" as your mood",1.0.0,For sale,mjk_Dixie,2464,bCL6Df8hoG7kooXcL,music
K.K. Étude,https://acnhcdn.com/latest/FtrIcon/mjk_Etude.png,https://acnhcdn.com/latest/Audio/mjk_Etude.png,3200,800,Brown,Black,1x1,"K.K. concert, Nook Shopping Catalog","Possible song KK will play when choosing ""A little blue..."" as your mood",1.0.0,For sale,mjk_Etude,2411,PgDmhWq5W4ciF6TW5,music
K.K. Faire,https://acnhcdn.com/latest/FtrIcon/mjk_Haisai.png,https://acnhcdn.com/latest/Audio/mjk_Haisai.png,3200,800,Brown,Orange,1x1,"K.K. concert, Nook Shopping Catalog","Possible song KK will play when choosing ""Laid-back."" as your mood",1.0.0,For sale,mjk_Haisai,2422,3i2RNpZeHPhxq6bPY,music
K.K. Flamenco,https://acnhcdn.com/latest/FtrIcon/mjk_Flamenco.png,https://acnhcdn.com/latest/Audio/mjk_Flamenco.png,3200,800,Brown,Red,1x1,"K.K. concert, Nook Shopping Catalog","Possible song KK will play when choosing ""A little grumpy..."" as your mood",1.0.0,For sale,mjk_Flamenco,2490,KXRPPacevShYgCh33,music
K.K. Folk,https://acnhcdn.com/latest/FtrIcon/mjk_Minyo.png,https://acnhcdn.com/latest/Audio/mjk_Minyo.png,3200,800,Brown,Colorful,1x1,"K.K. concert, Nook Shopping Catalog","Possible song KK will play when choosing ""It's hard to say."" as your mood",1.0.0,For sale,mjk_Minyo,2430,L9SqkeaoQNXGphs6H,music
K.K. Fusion,https://acnhcdn.com/latest/FtrIcon/mjk_Fusion.png,https://acnhcdn.com/latest/Audio/mjk_Fusion.png,3200,800,Brown,Colorful,1x1,"K.K. concert, Nook Shopping Catalog","Possible song KK will play when choosing ""Laid-back."" as your mood",1.0.0,For sale,mjk_Fusion,2410,Lx9Kk9gmmori3huxC,music
K.K. Groove,https://acnhcdn.com/latest/FtrIcon/mjk_Raregroove.png,https://acnhcdn.com/latest/Audio/mjk_Raregroove.png,3200,800,Brown,Blue,1x1,"K.K. concert, Nook Shopping Catalog","Possible song KK will play when choosing ""I feel good!"" as your mood",1.0.0,For sale,mjk_Raregroove,2488,7ss8K3czErhJNQiXJ,music
K.K. Gumbo,https://acnhcdn.com/latest/FtrIcon/mjk_NewOrleans.png,https://acnhcdn.com/latest/Audio/mjk_NewOrleans.png,3200,800,Brown,Beige,1x1,"K.K. concert, Nook Shopping Catalog","Possible song KK will play when choosing ""It's hard to say."" as your mood",1.0.0,For sale,mjk_NewOrleans,2434,nPNjtqN3AJdfxLuAx,music
K.K. House,https://acnhcdn.com/latest/FtrIcon/mjk_House.png,https://acnhcdn.com/latest/Audio/mjk_House.png,3200,800,Brown,Pink,1x1,"K.K. concert, Nook Shopping Catalog","Possible song KK will play when choosing ""A little grumpy..."" as your mood",1.0.0,For sale,mjk_House,2478,DoMmMBQBeXm7sTGPm,music
K.K. Island,https://acnhcdn.com/latest/FtrIcon/mjk_DoubutsuNoShima.png,https://acnhcdn.com/latest/Audio/mjk_DoubutsuNoShima.png,3200,800,Brown,Light blue,1x1,"K.K. concert, Nook Shopping Catalog","Possible song KK will play when choosing ""Laid-back."" as your mood",1.0.0,For sale,mjk_DoubutsuNoShima,2482,LrdjwBdn7hS2NXeW2,music
K.K. Jazz,https://acnhcdn.com/latest/FtrIcon/mjk_Jazz.png,https://acnhcdn.com/latest/Audio/mjk_Jazz.png,3200,800,Brown,Light blue,1x1,"K.K. concert, Nook Shopping Catalog","Possible song KK will play when choosing ""Laid-back."" as your mood",1.0.0,For sale,mjk_Jazz,2409,eRNA3ktNpPi8qB5Yx,music
K.K. Jongara,https://acnhcdn.com/latest/FtrIcon/mjk_Jongara.png,https://acnhcdn.com/latest/Audio/mjk_Jongara.png,3200,800,Brown,Light blue,1x1,"K.K. concert, Nook Shopping Catalog","Possible song KK will play when choosing ""A little grumpy..."" as your mood",1.0.0,For sale,mjk_Jongara,2489,2tqAXsz3eiAFcZ5aS,music
K.K. Lament,https://acnhcdn.com/latest/FtrIcon/mjk_Enka.png,https://acnhcdn.com/latest/Audio/mjk_Enka.png,3200,800,Brown,Gray,1x1,"K.K. concert, Nook Shopping Catalog","Possible song KK will play when choosing ""A little blue..."" as your mood",1.0.0,For sale,mjk_Enka,2449,LLDo3zTdcLf3JRexf,music
K.K. Love Song,https://acnhcdn.com/latest/FtrIcon/mjk_LoveSong.png,https://acnhcdn.com/latest/Audio/mjk_LoveSong.png,3200,800,Brown,White,1x1,"K.K. concert, Nook Shopping Catalog","Possible song KK will play when choosing ""Laid-back."" as your mood",1.0.0,For sale,mjk_LoveSong,2440,Zi4kijYWbE3taJy67,music
K.K. Lullaby,https://acnhcdn.com/latest/FtrIcon/mjk_Lullaby.png,https://acnhcdn.com/latest/Audio/mjk_Lullaby.png,3200,800,Brown,Green,1x1,"K.K. concert, Nook Shopping Catalog","Possible song KK will play when choosing ""A little blue..."" as your mood",1.0.0,For sale,mjk_Lullaby,2412,WpCHmL6DBXK7RWQNJ,music
K.K. Mambo,https://acnhcdn.com/latest/FtrIcon/mjk_Mambo.png,https://acnhcdn.com/latest/Audio/mjk_Mambo.png,3200,800,Brown,Red,1x1,"K.K. concert, Nook Shopping Catalog","Possible song KK will play when choosing ""I feel good!"" as your mood",1.0.0,For sale,mjk_Mambo,2418,LftoxEHoft5xpn8ZK,music
K.K. Marathon,https://acnhcdn.com/latest/FtrIcon/mjk_Gamelan.png,https://acnhcdn.com/latest/Audio/mjk_Gamelan.png,3200,800,Brown,Colorful,1x1,"K.K. concert, Nook Shopping Catalog","Possible song KK will play when choosing ""It's hard to say."" as your mood",1.0.0,For sale,mjk_Gamelan,2465,EAeRF5hCvgZvpf24R,music
K.K. March,https://acnhcdn.com/latest/FtrIcon/mjk_March.png,https://acnhcdn.com/latest/Audio/mjk_March.png,3200,800,Brown,Pink,1x1,"K.K. concert, Nook Shopping Catalog","Possible song KK will play when choosing ""I feel good!"" as your mood",1.0.0,For sale,mjk_March,2406,ZYeSh5EHDgX9bEY4L,music
K.K. Mariachi,https://acnhcdn.com/latest/FtrIcon/mjk_Senor.png,https://acnhcdn.com/latest/Audio/mjk_Senor.png,3200,800,Brown,Orange,1x1,"K.K. concert, Nook Shopping Catalog","Possible song KK will play when choosing ""I feel good!"" as your mood",1.0.0,For sale,mjk_Senor,2456,yK4cu9gRJDzAchPip,music
K.K. Metal,https://acnhcdn.com/latest/FtrIcon/mjk_Metal.png,https://acnhcdn.com/latest/Audio/mjk_Metal.png,3200,800,Brown,Purple,1x1,"K.K. concert, Nook Shopping Catalog","Possible song KK will play when choosing ""A little grumpy..."" as your mood",1.0.0,For sale,mjk_Metal,2474,TNdpcZiy6ZXb2sie3,music
K.K. Milonga,https://acnhcdn.com/latest/FtrIcon/mjk_Milonga.png,https://acnhcdn.com/latest/Audio/mjk_Milonga.png,3200,800,Brown,Red,1x1,"K.K. concert, Nook Shopping Catalog","Possible song KK will play when choosing ""A little blue..."" as your mood",1.0.0,For sale,mjk_Milonga,2487,bphgD53QrTdSQWrsw,music
K.K. Moody,https://acnhcdn.com/latest/FtrIcon/mjk_Bolero.png,https://acnhcdn.com/latest/Audio/mjk_Bolero.png,3200,800,Brown,Orange,1x1,"K.K. concert, Nook Shopping Catalog","Possible song KK will play when choosing ""Laid-back."" as your mood",1.0.0,For sale,mjk_Bolero,2491,D3WoTWs7t3uojthok,music
K.K. Oasis,https://acnhcdn.com/latest/FtrIcon/mjk_Maharaja.png,https://acnhcdn.com/latest/Audio/mjk_Maharaja.png,3200,800,Brown,Colorful,1x1,"K.K. concert, Nook Shopping Catalog","Possible song KK will play when choosing ""It's hard to say."" as your mood",1.0.0,For sale,mjk_Maharaja,2485,X45bf37FawXymbRTR,music
K.K. Parade,https://acnhcdn.com/latest/FtrIcon/mjk_Parade.png,https://acnhcdn.com/latest/Audio/mjk_Parade.png,3200,800,Brown,Colorful,1x1,"K.K. concert, Nook Shopping Catalog","Possible song KK will play when choosing ""I feel good!"" as your mood",1.0.0,For sale,mjk_Parade,2455,vaxtch9tWPZTeJKBf,music
K.K. Ragtime,https://acnhcdn.com/latest/FtrIcon/mjk_RagTime.png,https://acnhcdn.com/latest/Audio/mjk_RagTime.png,3200,800,Brown,Gray,1x1,"K.K. concert, Nook Shopping Catalog","Possible song KK will play when choosing ""I feel good!"" as your mood",1.0.0,For sale,mjk_RagTime,2433,Rz7khNvFcekonfDC8,music
K.K. Rally,https://acnhcdn.com/latest/FtrIcon/mjk_Ondo.png,https://acnhcdn.com/latest/Audio/mjk_Ondo.png,3200,800,Brown,Red,1x1,"K.K. concert, Nook Shopping Catalog","Possible song KK will play when choosing ""It's hard to say."" as your mood",1.0.0,For sale,mjk_Ondo,2473,qPCRJqX3uM66bDrDb,music
K.K. Reggae,https://acnhcdn.com/latest/FtrIcon/mjk_Reggae.png,https://acnhcdn.com/latest/Audio/mjk_Reggae.png,3200,800,Brown,Colorful,1x1,"K.K. concert, Nook Shopping Catalog","Possible song KK will play when choosing ""Laid-back."" as your mood",1.0.0,For sale,mjk_Reggae,2419,BeXTGzse56iMWrovn,music
K.K. Rock,https://acnhcdn.com/latest/FtrIcon/mjk_Rock.png,https://acnhcdn.com/latest/Audio/mjk_Rock.png,3200,800,Brown,Black,1x1,"K.K. concert, Nook Shopping Catalog","Possible song KK will play when choosing ""A little grumpy..."" as your mood",1.0.0,For sale,mjk_Rock,2431,dGWQ49YGhQ6uxxdth,music
K.K. Rockabilly,https://acnhcdn.com/latest/FtrIcon/mjk_KekeBilly.png,https://acnhcdn.com/latest/Audio/mjk_KekeBilly.png,3200,800,Brown,Light blue,1x1,"K.K. concert, Nook Shopping Catalog","Possible song KK will play when choosing ""I feel good!"" as your mood",1.0.0,For sale,mjk_KekeBilly,2471,DogQSJB5472T5PTgX,music
K.K. Safari,https://acnhcdn.com/latest/FtrIcon/mjk_Afro.png,https://acnhcdn.com/latest/Audio/mjk_Afro.png,3200,800,Brown,Orange,1x1,"K.K. concert, Nook Shopping Catalog","Possible song KK will play when choosing ""A little grumpy..."" as your mood",1.0.0,For sale,mjk_Afro,2429,YxQuKist5jbDN6YeX,music
K.K. Salsa,https://acnhcdn.com/latest/FtrIcon/mjk_Salsa.png,https://acnhcdn.com/latest/Audio/mjk_Salsa.png,3200,800,Brown,Red,1x1,"K.K. concert, Nook Shopping Catalog","Possible song KK will play when choosing ""I feel good!"" as your mood",1.0.0,For sale,mjk_Salsa,2417,hMAkxLymhpg5Zt6Xm,music
K.K. Samba,https://acnhcdn.com/latest/FtrIcon/mjk_Samba.png,https://acnhcdn.com/latest/Audio/mjk_Samba.png,3200,800,Brown,Light blue,1x1,"K.K. concert, Nook Shopping Catalog","Possible song KK will play when choosing ""I feel good!"" as your mood",1.0.0,For sale,mjk_Samba,2414,XYFSnTG8QFbGXZJ79,music
K.K. Ska,https://acnhcdn.com/latest/FtrIcon/mjk_Ska.png,https://acnhcdn.com/latest/Audio/mjk_Ska.png,3200,800,Brown,Black,1x1,"K.K. concert, Nook Shopping Catalog","Possible song KK will play when choosing ""I feel good!"" as your mood",1.0.0,For sale,mjk_Ska,2420,TMiRa4nHYSbtCx4Em,music
K.K. Sonata,https://acnhcdn.com/latest/FtrIcon/mjk_Sonata.png,https://acnhcdn.com/latest/Audio/mjk_Sonata.png,3200,800,Brown,White,1x1,"K.K. concert, Nook Shopping Catalog","Possible song KK will play when choosing ""A little blue..."" as your mood",1.0.0,For sale,mjk_Sonata,2479,zxHYzEN2Q7gt5JYMm,music
K.K. Song,https://acnhcdn.com/latest/FtrIcon/mjk_KekeSong.png,https://acnhcdn.com/latest/Audio/mjk_KekeSong.png,3200,800,Brown,Colorful,1x1,"K.K. concert, Nook Shopping Catalog","Possible song KK will play when choosing ""It's hard to say."" as your mood",1.0.0,For sale,mjk_KekeSong,2457,xjLPmvzuXaBSZx4Fy,music
K.K. Soul,https://acnhcdn.com/latest/FtrIcon/mjk_Soul.png,https://acnhcdn.com/latest/Audio/mjk_Soul.png,3200,800,Brown,Black,1x1,"K.K. concert, Nook Shopping Catalog","Possible song KK will play when choosing ""It's hard to say."" as your mood",1.0.0,For sale,mjk_Soul,2438,mXvujh5YZscWL5pKg,music
K.K. Steppe,https://acnhcdn.com/latest/FtrIcon/mjk_Cossack.png,https://acnhcdn.com/latest/Audio/mjk_Cossack.png,3200,800,Brown,Colorful,1x1,"K.K. concert, Nook Shopping Catalog","Possible song KK will play when choosing ""A little grumpy..."" as your mood",1.0.0,For sale,mjk_Cossack,2426,mGhDWyj7f83gryu4g,music
K.K. Stroll,https://acnhcdn.com/latest/FtrIcon/mjk_Osanpo.png,https://acnhcdn.com/latest/Audio/mjk_Osanpo.png,3200,800,Brown,White,1x1,"K.K. concert, Nook Shopping Catalog","Possible song KK will play when choosing ""Laid-back."" as your mood",1.0.0,For sale,mjk_Osanpo,2481,QmR5zsjrqjsYdDcYy,music
K.K. Swing,https://acnhcdn.com/latest/FtrIcon/mjk_Swing.png,https://acnhcdn.com/latest/Audio/mjk_Swing.png,3200,800,Brown,Beige,1x1,"K.K. concert, Nook Shopping Catalog","Possible song KK will play when choosing ""Laid-back."" as your mood",1.0.0,For sale,mjk_Swing,2408,BxCLYKFj8yeJMqxwD,music
K.K. Synth,https://acnhcdn.com/latest/FtrIcon/mjk_Electronica.png,https://acnhcdn.com/latest/Audio/mjk_Electronica.png,3200,800,Brown,White,1x1,"K.K. concert, Nook Shopping Catalog","Possible song KK will play when choosing ""Laid-back."" as your mood",1.0.0,For sale,mjk_Electronica,2493,S7sa9ugfRSHNPr9zX,music
K.K. Tango,https://acnhcdn.com/latest/FtrIcon/mjk_Tango.png,https://acnhcdn.com/latest/Audio/mjk_Tango.png,3200,800,Brown,Black,1x1,"K.K. concert, Nook Shopping Catalog","Possible song KK will play when choosing ""A little grumpy..."" as your mood",1.0.0,For sale,mjk_Tango,2421,9gwFYo6HKxqfxnimX,music
K.K. Technopop,https://acnhcdn.com/latest/FtrIcon/mjk_TechnoBeat.png,https://acnhcdn.com/latest/Audio/mjk_TechnoBeat.png,3200,800,Brown,Black,1x1,"K.K. concert, Nook Shopping Catalog","Possible song KK will play when choosing ""It's hard to say."" as your mood",1.0.0,For sale,mjk_TechnoBeat,2442,opZrX852viqZH7RJX,music
K.K. Waltz,https://acnhcdn.com/latest/FtrIcon/mjk_Waltz.png,https://acnhcdn.com/latest/Audio/mjk_Waltz.png,3200,800,Brown,Red,1x1,"K.K. concert, Nook Shopping Catalog","Possible song KK will play when choosing ""A little blue..."" as your mood",1.0.0,For sale,mjk_Waltz,2407,pYKWYuRTejcTphjzd,music
K.K. Western,https://acnhcdn.com/latest/FtrIcon/mjk_Western.png,https://acnhcdn.com/latest/Audio/mjk_Western.png,3200,800,Brown,Gray,1x1,"K.K. concert, Nook Shopping Catalog","Possible song KK will play when choosing ""A little blue..."" as your mood",1.0.0,For sale,mjk_Western,2452,AnjsMygxJozFjZCGC,music
King K.K.,https://acnhcdn.com/latest/FtrIcon/mjk_Daimyo.png,https://acnhcdn.com/latest/Audio/mjk_Daimyo.png,3200,800,Brown,Yellow,1x1,"K.K. concert, Nook Shopping Catalog","Possible song KK will play when choosing ""A little blue..."" as your mood",1.0.0,For sale,mjk_Daimyo,2466,B6siK6dLxCJACfGZY,music
Lucky K.K.,https://acnhcdn.com/latest/FtrIcon/mjk_Irish.png,https://acnhcdn.com/latest/Audio/mjk_Irish.png,3200,800,Brown,White,1x1,"K.K. concert, Nook Shopping Catalog","Possible song KK will play when choosing ""A little grumpy..."" as your mood",1.0.0,For sale,mjk_Irish,2424,jCGA9eAgRjkLuNf2q,music
Marine Song 2001,https://acnhcdn.com/latest/FtrIcon/mjk_HunaUta2001.png,https://acnhcdn.com/latest/Audio/mjk_HunaUta2001.png,3200,800,Brown,Light blue,1x1,"K.K. concert, Nook Shopping Catalog","Possible song KK will play when choosing ""Laid-back."" as your mood",1.0.0,For sale,mjk_HunaUta2001,2468,F8BvgZMycRgAjJv2A,music
Mountain Song,https://acnhcdn.com/latest/FtrIcon/mjk_Alpine.png,https://acnhcdn.com/latest/Audio/mjk_Alpine.png,3200,800,Brown,Light blue,1x1,"K.K. concert, Nook Shopping Catalog","Possible song KK will play when choosing ""I feel good!"" as your mood",1.0.0,For sale,mjk_Alpine,2467,5gDvnQ4uLnLwL85MK,music
Mr. K.K.,https://acnhcdn.com/latest/FtrIcon/mjk_Sensei.png,https://acnhcdn.com/latest/Audio/mjk_Sensei.png,3200,800,Brown,Beige,1x1,"K.K. concert, Nook Shopping Catalog","Possible song KK will play when choosing ""Laid-back."" as your mood",1.0.0,For sale,mjk_Sensei,2453,tGCobmkpe7AKsPmyn,music
My Place,https://acnhcdn.com/latest/FtrIcon/mjk_BokuNoBasho.png,https://acnhcdn.com/latest/Audio/mjk_BokuNoBasho.png,3200,800,Brown,Green,1x1,"K.K. concert, Nook Shopping Catalog","Possible song KK will play when choosing ""Laid-back."" as your mood",1.0.0,For sale,mjk_BokuNoBasho,2460,gQvdSw38P4QZwpkCh,music
Neapolitan,https://acnhcdn.com/latest/FtrIcon/mjk_Napolitan.png,https://acnhcdn.com/latest/Audio/mjk_Napolitan.png,3200,800,Brown,Black,1x1,"K.K. concert, Nook Shopping Catalog","Possible song KK will play when choosing ""I feel good!"" as your mood",1.0.0,For sale,mjk_Napolitan,2469,GDhwzHPsaEws6ciix,music
Only Me,https://acnhcdn.com/latest/FtrIcon/mjk_OnlyMe.png,https://acnhcdn.com/latest/Audio/mjk_OnlyMe.png,3200,800,Brown,Gray,1x1,"K.K. concert, Nook Shopping Catalog","Possible song KK will play when choosing ""A little blue..."" as your mood",1.0.0,For sale,mjk_OnlyMe,2444,wwhnr7dEdx36E8SRv,music
Pondering,https://acnhcdn.com/latest/FtrIcon/mjk_KangaeChu.png,https://acnhcdn.com/latest/Audio/mjk_KangaeChu.png,3200,800,Brown,Black,1x1,"K.K. concert, Nook Shopping Catalog","Possible song KK will play when choosing ""Laid-back."" as your mood",1.0.0,For sale,mjk_KangaeChu,2463,Gkk2Ck8DK627tiZkS,music
Rockin' K.K.,https://acnhcdn.com/latest/FtrIcon/mjk_RocknRoll.png,https://acnhcdn.com/latest/Audio/mjk_RocknRoll.png,3200,800,Brown,Black,1x1,"K.K. concert, Nook Shopping Catalog","Possible song KK will play when choosing ""A little grumpy..."" as your mood",1.0.0,For sale,mjk_RocknRoll,2432,asXTn3mfi7tzowcuj,music
Soulful K.K.,https://acnhcdn.com/latest/FtrIcon/mjk_Gospel.png,https://acnhcdn.com/latest/Audio/mjk_Gospel.png,3200,800,Brown,Orange,1x1,"K.K. concert, Nook Shopping Catalog","Possible song KK will play when choosing ""Laid-back."" as your mood",1.0.0,For sale,mjk_Gospel,2437,g2F79ptmGzFrrFf55,music
Space K.K.,https://acnhcdn.com/latest/FtrIcon/mjk_Minimal.png,https://acnhcdn.com/latest/Audio/mjk_Minimal.png,3200,800,Brown,White,1x1,"K.K. concert, Nook Shopping Catalog","Possible song KK will play when choosing ""It's hard to say."" as your mood",1.0.0,For sale,mjk_Minimal,2483,WbnqF3FqDQYJwfXed,music
Spring Blossoms,https://acnhcdn.com/latest/FtrIcon/mjk_HaruNoKomorebi.png,https://acnhcdn.com/latest/Audio/mjk_HaruNoKomorebi.png,3200,800,Brown,Pink,1x1,"K.K. concert, Nook Shopping Catalog","Possible song KK will play when choosing ""I feel good!"" as your mood",1.0.0,For sale,mjk_HaruNoKomorebi,2476,q4ZmbxwwgjaNzvR4e,music
Stale Cupcakes,https://acnhcdn.com/latest/FtrIcon/mjk_BlueOnigiri.png,https://acnhcdn.com/latest/Audio/mjk_BlueOnigiri.png,3200,800,Brown,Blue,1x1,"K.K. concert, Nook Shopping Catalog","Possible song KK will play when choosing ""A little blue..."" as your mood",1.0.0,For sale,mjk_BlueOnigiri,2475,wh9i62k97gw3B34ER,music
Steep Hill,https://acnhcdn.com/latest/FtrIcon/mjk_NiDanZaka.png,https://acnhcdn.com/latest/Audio/mjk_NiDanZaka.png,3200,800,Brown,Orange,1x1,"K.K. concert, Nook Shopping Catalog","Possible song KK will play when choosing ""A little blue..."" as your mood",1.0.0,For sale,mjk_NiDanZaka,2470,v3WHjrpgdgeZ3jaFC,music
Surfin' K.K.,https://acnhcdn.com/latest/FtrIcon/mjk_Eleki.png,https://acnhcdn.com/latest/Audio/mjk_Eleki.png,3200,800,Brown,Blue,1x1,"K.K. concert, Nook Shopping Catalog","Possible song KK will play when choosing ""A little grumpy..."" as your mood",1.0.0,For sale,mjk_Eleki,2446,HEX474yLBRZ5xY5Pv,music
The K. Funk,https://acnhcdn.com/latest/FtrIcon/mjk_Funk.png,https://acnhcdn.com/latest/Audio/mjk_Funk.png,3200,800,Brown,Orange,1x1,"K.K. concert, Nook Shopping Catalog","Possible song KK will play when choosing ""It's hard to say."" as your mood",1.0.0,For sale,mjk_Funk,2435,8ciaF2Yxuhc5Jqpar,music
To the Edge,https://acnhcdn.com/latest/FtrIcon/mjk_NamiNami.png,https://acnhcdn.com/latest/Audio/mjk_NamiNami.png,3200,800,Brown,White,1x1,"K.K. concert, Nook Shopping Catalog","Possible song KK will play when choosing ""It's hard to say."" as your mood",1.0.0,For sale,mjk_NamiNami,2462,P5ABGwMHvnYiFHcQN,music
Two Days Ago,https://acnhcdn.com/latest/FtrIcon/mjk_Ototoi.png,https://acnhcdn.com/latest/Audio/mjk_Ototoi.png,3200,800,Brown,Black,1x1,"K.K. concert, Nook Shopping Catalog","Possible song KK will play when choosing ""A little blue..."" as your mood",1.0.0,For sale,mjk_Ototoi,2459,AzAHbHLA9oY2ihxrq,music
Wandering,https://acnhcdn.com/latest/FtrIcon/mjk_Horo.png,https://acnhcdn.com/latest/Audio/mjk_Horo.png,3200,800,Brown,Gray,1x1,"K.K. concert, Nook Shopping Catalog","Possible song KK will play when choosing ""Laid-back."" as your mood",1.0.0,For sale,mjk_Horo,2477,eDgjD4iS8sHZ64k3k,music
Welcome Horizons,https://acnhcdn.com/latest/FtrIcon/mjk_MainTheme.png,https://acnhcdn.com/latest/Audio/mjk_MainTheme.png,NFS,800,Brown,None,1x1,K.K. concert,Received on your first time seeing KK perform,1.0.0,Not for sale,mjk_MainTheme,4318,eBR8TwgdbAKWEQc3T,music
はずれ01,,,3200,800,None,None,1x1,K.K. concert,Played by K.K. if you request something he doesn't have (does not give take-home track),1.0.0,Not in catalog,mjk_Miss1,4315,yzpTLMjxFrMMyPe9t,music
はずれ02,,,3200,800,None,None,1x1,K.K. concert,Played by K.K. if you request something he doesn't have (does not give take-home track),1.0.0,Not in catalog,mjk_Miss2,4316,oeZ6a9qJA54fyuwA3,music
はずれ03,,,3200,800,None,None,1x2,K.K. concert,Played by K.K. if you request something he doesn't have (does not give take-home track),1.0.0,Not in catalog,mjk_Miss3,4317,cXrvAEgQstHcnP5Zf,music