Name,Image,DIY,Buy,Sell,Source,Source Notes,Tag,Version,Filename,Internal ID,Unique Entry ID,category
acorn,https://acnhcdn.com/acdb/other/DIYAcorn.png,,NFS,200,Shaking a hardwood tree (Fall),,NA,1.0.0,DIYAcorn,5727,LWRPyLkySfCNkDvdv,other
apple,https://acnhcdn.com/acdb/other/Apple.png,,400,500,Apple tree,,NA,1.0.0,Apple,2213,iTWs2LBrcFu8XyDMF,other
apple tree,https://acnhcdn.com/acdb/other/PltApple.png,,NFS,300,Planting an apple,,Plants,1.0.0,PltApple4,3360,4BFZn59FMC5eyCKXS,other
Aquarius fragment,https://acnhcdn.com/acdb/other/StarpieceAquarius.png,,NFS,500,Wishing on shooting stars (January 20 - February 18),,NA,1.0.0,StarpieceAquarius,5986,sHWduQNusYLWRjhzb,other
Aries fragment,https://acnhcdn.com/acdb/other/StarpieceAries.png,,NFS,500,Wishing on shooting stars (March 21 - April 19),,NA,1.0.0,StarpieceAries,5988,D5JE2Ypt5vZ3C4EM6,other
bamboo piece,https://acnhcdn.com/acdb/other/DIYBamboo.png,,NFS,80,Chopping a bamboo tree,,NA,1.0.0,DIYBamboo,2501,RJpF9Apqi52AqPP25,other
bamboo shoot,https://acnhcdn.com/acdb/other/BambooShoot.png,,NFS,250,Dig spot near a bamboo tree,,NA,1.0.0,BambooShoot,2295,kTmS9FFMxJFuCS7vr,other
bamboo tree,https://acnhcdn.com/acdb/other/PltBamboo.png,,NFS,1500,Planting a bamboo shoot,,Plants,1.0.0,PltBamboo4,2815,m6And8qdTfySMh9kR,other
Bell bag,https://acnhcdn.com/acdb/other/PhotoStudioBellBag.png,,NFS,NA,Glowing dig spot,,NA,1.0.0,PhotoStudioBellBag,7731,MwHcZBfqcJ5vJzRqZ,other
birthday cupcake,https://acnhcdn.com/acdb/other/BirthdayCupcake.png,,NFS,200,Birthday,,Seasonal Decor,1.0.0,BirthdayCupcake,2779,Q5HRfFvkBvPw8TFPR,other
black cosmos,https://acnhcdn.com/acdb/other/FlwCosmosBlack.png,,NFS,240,Picking flowers,,Plants,1.0.0,FlwCosmosBlack,2875,QveR5KriJ63ZvAmQs,other
black lilies,https://acnhcdn.com/acdb/other/FlwYuriBlack.png,,NFS,80,Picking flowers,,Plants,1.0.0,FlwYuriBlack,2999,GJEkbwJexHSSq3Kvp,other
black roses,https://acnhcdn.com/acdb/other/FlwRoseBlack.png,,NFS,240,Picking flowers,,Plants,1.0.0,FlwRoseBlack,2955,RAxXqgdwa6Jb3fKFX,other
black tulips,https://acnhcdn.com/acdb/other/FlwTulipBlack.png,,NFS,80,Picking flowers,,Plants,1.0.0,FlwTulipBlack,2903,WGvGEjXRYjucLHity,other
black wrapping paper,https://acnhcdn.com/acdb/other/WPaperBlack.png,,160,40,Nook's Cranny,,NA,1.0.0,WPaperBlack,7698,e726AGFuzKwPdeNZu,other
black-cosmos plant,https://acnhcdn.com/acdb/other/PltCosmos5.png,,NFS,240,Red/red cosmos,,Plants,1.0.0,PltCosmosBlack3,3834,o54h94yBpGiSSfKkr,other
black-lily plant,https://acnhcdn.com/acdb/other/PltYuri5.png,,NFS,80,Red/red lilies,,Plants,1.0.0,PltYuriBlack3,3896,RgsTH72gphGY6AHsK,other
black-rose plant,https://acnhcdn.com/acdb/other/PltRose6.png,,NFS,240,Red/red roses,,Plants,1.0.0,PltRoseBlack3,3874,suqNAcWRFj6JJZKuk,other
black-tulip plant,https://acnhcdn.com/acdb/other/PltTurip5.png,,NFS,80,Red/red tulips,,Plants,1.0.0,PltTulipBlack3,3848,2aiEhGHeGqQG725zX,other
Blathers's tent marker,https://acnhcdn.com/acdb/other/TentWhite.png,,NFS,NA,Tom Nook,,NA,1.0.0,MuseumTent,2755,57HSnpzwFHuTfBiyf,other
blue hyacinths,https://acnhcdn.com/acdb/other/FlwHyacinthBlue.png,,NFS,80,Picking flowers,,Plants,1.0.0,FlwHyacinthBlue,3748,K6yui8FLmJvwNcfL4,other
blue ornament,https://acnhcdn.com/acdb/other/DIYOrnamentBlue.png,,NFS,50,Shaking a cedar tree (Festive Season),,NA,1.0.0,DIYOrnamentBlue,5731,s38Tms3PpjpWGnFtn,other
blue pansies,https://acnhcdn.com/acdb/other/FlwPansyBlue.png,,NFS,80,Picking flowers,,Plants,1.0.0,FlwPansyBlue,2927,mNBAQ7xCjndP63TW8,other
blue roses,https://acnhcdn.com/acdb/other/FlwRoseBlue.png,,NFS,1000,Picking flowers,,Plants,1.0.0,FlwRoseBlue,2959,C39ncDcJ44My6qoQm,other
blue windflowers,https://acnhcdn.com/acdb/other/FlwAnemonesBlue.png,,NFS,80,Picking flowers,,Plants,1.0.0,FlwAnemonesBlue,3717,JmHWXFZvvgpJYrg8Z,other
blue wrapping paper,https://acnhcdn.com/acdb/other/WPaperBlue.png,,160,40,Nook's Cranny,,NA,1.0.0,WPaperBlue,7692,FK3PwoipGayPzS4SW,other
blue-hyacinth plant,https://acnhcdn.com/acdb/other/PltHyacinth6.png,,NFS,80,White/white hyacinths,,Plants,1.0.0,PltHyacinthBlue3,3920,MNT54SyQWEWfaQAc6,other
blue-hydrangea bush,https://acnhcdn.com/latest/MenuIcon/PltHydrangeaBlue.png,No,560,140,,,NA,1.2.0,PltHydrangeaBlue2,3800,trgrtapDMZkkyDfiz,other
blue-hydrangea nursery,https://acnhcdn.com/latest/MenuIcon/PltHydrangeaBlue.png,No,280,70,,,NA,1.2.0,PltHydrangeaBlue0,12749,dGy5iDQkBijsuNMLM,other
blue-hydrangea start,https://acnhcdn.com/latest/ShopPlant/SeedHydrangeaBlue.png,No,280,70,,,NA,1.2.0,SeedHydrangeaBlue,3798,GNsNR4uHsjm4B7XJr,other
blue-pansy plant,https://acnhcdn.com/acdb/other/PltPansi5.png,,NFS,80,White/white pansies,,Plants,1.0.0,PltPansyBlue3,3860,Zd4CiamQfSEbYcymn,other
blue-rose plant,https://acnhcdn.com/acdb/other/PltRose7.png,,NFS,1000,Orange/orange roses,,Plants,1.0.0,PltRoseBlue3,3876,XXDs7bACfxsb5ospo,other
blue-windflower plant,https://acnhcdn.com/acdb/other/PltAnemone5.png,,NFS,80,"White/white windflowers
Orange/white windflowers",,Plants,1.0.0,PltAnemonesBlue3,3902,A4yXEFxhamZ2fCfmG,other
boot,https://acnhcdn.com/acdb/other/TrashBoot.png,,40,10,Fishing,Medium shadow,NA,1.0.0,TrashBoot,3469,7jBpMwNw25uQW345e,other
bridge construction kit,https://acnhcdn.com/acdb/other/TentWhite.png,,NFS,NA,Tom Nook,,Outdoors Decor,1.0.0,BridgeLogReserveKit,7211,qT8ewTJpgMGSEENoY,other
bridge marker kit,https://acnhcdn.com/acdb/other/TentWhite.png,,NFS,NA,Tom Nook,,NA,1.0.0,BridgeReserveKit,4310,nS86mCT42JirpqqPY,other
brown wrapping paper,https://acnhcdn.com/acdb/other/WPaperBrown.png,,160,40,Nook's Cranny,,NA,1.0.0,WPaperBrown,7696,hJhmHZLzeNSDBEoSo,other
campsite construction kit,https://acnhcdn.com/acdb/other/TentWhite.png,,NFS,NA,Tom Nook,,NA,1.0.0,CampsiteReserveKit,5166,ezCup9En25XEqADNt,other
campsite moving kit,https://acnhcdn.com/acdb/other/TentWhite.png,,NFS,NA,Tom Nook,,NA,1.0.0,MovingKitCampsite,6841,ZXGmQ8gab2KnTmP5a,other
Cancer fragment,https://acnhcdn.com/acdb/other/StarpieceCancer.png,,NFS,500,Wishing on shooting stars (June 21 - July 22),,NA,1.0.0,StarpieceCancer,5991,SmqC4auAEN7GSNraA,other
Capricorn fragment,https://acnhcdn.com/acdb/other/StarpieceCapricornus.png,,NFS,500,Wishing on shooting stars (Dec 22 - Jan 19),,NA,1.0.0,StarpieceCapricornus,5985,Yv5hZXu5AkG7sWNQ6,other
cedar sapling,https://acnhcdn.com/acdb/other/SeedCedar.png,,640,160,Nook's Cranny,,Plants,1.0.0,SeedCedar,2800,LP6TnsveSD3AGAMmQ,other
cedar tree,https://acnhcdn.com/acdb/other/PltConifer.png,,NFS,240,Planting a cedar start,,Plants,1.0.0,PltCedar4,2805,scFwAJ9XXGD3G6NbX,other
chartreuse wrapping paper,https://acnhcdn.com/acdb/other/WPaperLightGreen.png,,160,40,Nook's Cranny,,NA,1.0.0,WPaperLightGreen,7686,RWcJQMBA79cybhZDM,other
cherry,https://acnhcdn.com/acdb/other/Cherry.png,,400,500,Cherry tree,,NA,1.0.0,Cherry,2287,vAujDBhEiEHX39WDn,other
cherry tree,https://acnhcdn.com/acdb/other/PltCherry.png,,NFS,300,Planting a cherry,,Plants,1.0.0,PltCherry4,3381,GhjdFWs3sFftbtd2W,other
cherry-blossom petal,https://acnhcdn.com/acdb/other/Sakurapetal.png,,NFS,NA,Catching with a net (Cherry-Blossom Season),,NA,1.0.0,Sakurapetal,5859,7hYtxcDFLTySLx8Nz,other
clay,https://acnhcdn.com/acdb/other/DIYClay.png,,NFS,100,Hitting a rock,,NA,1.0.0,DIYClay,3090,3yoCRN4WNjdYKQEJB,other
clump of weeds,https://acnhcdn.com/acdb/other/PltWeed.png,,NFS,10,On ground,,Plants,1.0.0,PltWeed,2624,GEtNwS4vwNF7oBvw9,other
coconut,https://acnhcdn.com/acdb/other/Coconut.png,,NFS,250,Coconut tree,,NA,1.0.0,Coconut,2288,eHNoTML3CsNoaHoZ9,other
coconut tree,https://acnhcdn.com/acdb/other/PltPalm.png,,NFS,500,Planting a coconut,,Plants,1.0.0,PltPalm4,2810,c4FSMaXCEqboxnQzT,other
coin,https://acnhcdn.com/acdb/other/PhotoStudioBell.png,,NFS,0,Shaking a tree,,NA,1.0.0,PhotoStudioBell,7730,jNjH659eycYXADzaq,other
communicator part,https://acnhcdn.com/acdb/other/JohnyParts.png,,NFS,20,Clam dig spot while on a quest for Gulliver,,NA,1.0.0,JohnnyQuest1,2381,XiM7GBuMGY9HReqm2,other
conch,https://acnhcdn.com/acdb/other/ShellDriftHora.png,,NFS,700,Beach,,NA,1.0.0,ShellDriftHora,1376,rtDktiz93Crc46m5c,other
coral,https://acnhcdn.com/acdb/other/ShellDriftSango.png,,NFS,500,Beach,,NA,1.0.0,ShellDriftSango,1380,4CHLh45qehAS8wHpb,other
cowrie,https://acnhcdn.com/acdb/other/ShellDriftTakara.png,,NFS,60,Beach,,NA,1.0.0,ShellDriftTakara,1382,zxAax3FMiJMX9Chet,other
customization kit,https://acnhcdn.com/acdb/other/RemakeKit.png,,600,150,Nook's Cranny,,Supplies,1.0.0,RemakeKit,2513,Ld3gGWdjsFZscs6Qq,other
delivery,https://acnhcdn.com/acdb/other/Cardboard.png,,NFS,222,Delivering item for a villager,,NA,1.0.0,DummyCardboard,4645,dSEW4GQniyS8P6SnE,other
delivery box,https://acnhcdn.com/acdb/other/Present2.png,,NFS,NA,Nook Shopping,,NA,1.0.0,QuestWrappingBox,4245,KGs8SGuNQXerMe7xC,other
DIY for Beginners,https://acnhcdn.com/acdb/other/DIYbook1.png,,480,NA,Nook's Cranny,,NA,1.0.0,DIYbook1,5603,Xg3ZJkcs2GKKj629h,other
earth egg,https://acnhcdn.com/acdb/other/EggGround.png,,NFS,200,Dig spot (Bunny Day),,NA,1.1.0a,EggGround,12509,GfuzxkKwqvLMLq4TJ,other
egg message bottle,https://acnhcdn.com/acdb/other/MessageBottleEgg.png,,NFS,NA,Beach (Bunny Day),,NA,1.1.0a,MessageBottleEgg,12544,AQictTWfneH93yYQM,other
elegant mushroom,https://acnhcdn.com/acdb/other/MushSplendid.png,,NFS,10000,On ground (Mushroom Season),,NA,1.0.0,MushSplendid,3276,kHtGRmaZmf3foEhwz,other
empty can,https://acnhcdn.com/acdb/other/TrashCan.png,,NFS,10,Fishing,Small shadow,NA,1.0.0,TrashCan,3466,rqiTcqwQexTmYoPTH,other
fish bait,https://acnhcdn.com/acdb/other/FishBait.png,,NFS,200,Crafting ,,NA,1.0.0,FishBait,4549,Ghm4XtGMDXTpyFQSj,other
flat mushroom,https://acnhcdn.com/acdb/other/MushFlat.png,,NFS,200,On ground (Mushroom Season),,NA,1.0.0,MushFlat,3279,Ym7BRDNMQF6nZL446,other
Flimsy Axe Recipe,https://acnhcdn.com/acdb/other/DIYRecipeAxeWood.png,,280,200,Nook's Cranny,Available after unlocking the axe in the story,NA,1.0.0,DIYRecipeAxeWood,12294,DYjGLCCvPYc3NzzX3,other
Flimsy Shovel Recipe,https://acnhcdn.com/acdb/other/DIYRecipeScoopWood.png,,280,200,Nook's Cranny,Available after unlocking the shovel in the story,NA,1.0.0,DIYRecipeScoopWood,9047,7CuuTR93dTcBLgbgA,other
Flimsy Watering Can Recipe,https://acnhcdn.com/acdb/other/DIYRecipeWateringWood.png,,280,200,Nook's Cranny,,NA,1.0.0,DIYRecipeWateringWood,9048,MWx23wyys6QbgTwFt,other
fossil,https://acnhcdn.com/acdb/other/Fossil.png,,NFS,100,Dig spot,,NA,1.0.0,Fossil,2579,ZwqydviSR4WiRWdDA,other
Gemini fragment,https://acnhcdn.com/acdb/other/StarpieceGemini.png,,NFS,500,Wishing on shooting stars (May 21 - June 20),,NA,1.0.0,StarpieceGemini,5990,FKd48SRH79uQKweuZ,other
giant clam,https://acnhcdn.com/acdb/other/ShellDriftSyako.png,,NFS,900,Beach,,NA,1.0.0,ShellDriftSyako,1381,yzrzGTGG6mdN2N4d4,other
gold nugget,https://acnhcdn.com/acdb/other/DIYGold.png,,NFS,10000,Hitting a rock,,NA,1.0.0,DIYGold,2505,i7QscMET7RcTdffLC,other
gold ornament,https://acnhcdn.com/acdb/other/DIYOrnamentGold.png,,NFS,50,Shaking a cedar tree (Festive Season),,NA,1.0.0,DIYOrnamentGold,5732,PDc3gmJTvyra4nNb6,other
gold roses,https://acnhcdn.com/acdb/other/FlwRoseGold.png,,NFS,1000,Picking flowers,,Plants,1.0.0,FlwRoseGold,2963,6B9RaLkgxyFA72rdm,other
gold wrapping paper,https://acnhcdn.com/acdb/other/WPaperGold.png,,160,40,Nook's Cranny,,NA,1.0.0,WPaperGold,7695,nKFEifDX73E7y86s3,other
gold-rose plant,https://acnhcdn.com/acdb/other/PltGoldenRose.png,,NFS,1000,"Black/black roses
Water with gold watering can",,Plants,1.0.0,PltRoseGold3,3878,vgqcsR2h6B96skooq,other
gray wrapping paper,https://acnhcdn.com/acdb/other/WPaperGray.png,,160,40,Nook's Cranny,,NA,1.0.0,WPaperGray,7697,yiydxSjmgGZiNBxsm,other
green mums,https://acnhcdn.com/acdb/other/FlwMumGreen.png,,NFS,240,Picking flowers,,Plants,1.0.0,FlwMumGreen,5175,iZDGXg9rxMCXkkRXQ,other
green wrapping paper,https://acnhcdn.com/acdb/other/WPaperGreen.png,,160,40,Nook's Cranny,,NA,1.0.0,WPaperGreen,7687,3mskzQhZ5uWSBJ373,other
green-mum plant,https://acnhcdn.com/acdb/other/PltMum4.png,,NFS,240,Purple/purple mums,,Plants,1.0.0,PltMumGreen3,3934,ejT89srWvyFe6eQKf,other
hardwood,https://acnhcdn.com/acdb/other/DIYWoodHard.png,,NFS,60,Chopping a tree,,NA,1.0.0,DIYWoodHard,2769,ni3n8DjyCZ9cghTD2,other
hardwood tree,https://acnhcdn.com/acdb/other/PltOak.png,,NFS,240,Planting a sapling,,Plants,1.0.0,PltOak4,2799,iGMxqfQ39pMGzJrji,other
heart crystal,https://acnhcdn.com/latest/MenuIcon/Love.png,No,400,100,,,NA,1.2.0,Love,12546,Seo4ym9pKPhr7A6yb,other
orange tree,https://acnhcdn.com/acdb/other/PltOrange.png,,NFS,300,Planting an orange,,Plants,1.0.0,PltOrange4,3365,RjcKphnD5xgCxeMFM,other
holly bush,https://acnhcdn.com/latest/MenuIcon/PltHolly.png,No,560,140,,,NA,1.2.0,PltHolly2,3027,iS4C5XqHay6jggFoL,other
holly nursery,https://acnhcdn.com/latest/MenuIcon/PltHolly.png,No,280,70,,,NA,1.2.0,PltHolly0,12757,vyJTecdJnm8PS8zh6,other
holly start,https://acnhcdn.com/latest/ShopPlant/SeedHolly.png,No,280,70,,,NA,1.2.0,SeedHolly,3024,ikDCfcT8TcvyPNH8Y,other
housing kit,https://acnhcdn.com/acdb/other/NnpcNewHousingkit.png,,NFS,NA,Tom Nook,,NA,1.0.0,NnpcNewHousingkit,3349,3H4M8fad4hXPPK9tq,other
incline marker kit,https://acnhcdn.com/acdb/other/SlopeReserveKit.png,,NFS,NA,Tom Nook,,NA,1.0.0,SlopeReserveKit,4311,Nmp2P7XPoEWX2tQG6,other
iron nugget,https://acnhcdn.com/acdb/other/DIYIron.png,,NFS,375,Hitting a rock,,NA,1.0.0,DIYIron,2511,smkrptPsq6cK6e7ya,other
Ladder Recipe,https://acnhcdn.com/acdb/other/DIYRecipeLadder.png,,500,200,Nook's Cranny,Available after unlocking the ladder in the story,NA,1.0.0,DIYRecipeLadder,12327,DoaZp6Qmt2kgJm5RR,other
large snowflake,https://acnhcdn.com/acdb/other/SnowCrystalLarge.png,,NFS,NA,Perfect Snowboy,,NA,1.0.0,SnowCrystalLarge,3540,roPJbuZmNfYv9k3Q5,other
large star fragment,https://acnhcdn.com/acdb/other/StarpieceRare.png,,NFS,2500,Wishing on shooting stars,,NA,1.0.0,StarpieceRare,5984,FA6nhbrBzK7ESdoDL,other
leaf egg,https://acnhcdn.com/acdb/other/EggLeaf.png,,NFS,200,Shaking a hardwood tree (Bunny Day),,NA,1.1.0a,EggLeaf,12511,3rZgwsLcirdRrMrND,other
Leo fragment,https://acnhcdn.com/acdb/other/StarpieceLeo.png,,NFS,500,Wishing on shooting stars (July 23 - August 22),,NA,1.0.0,StarpieceLeo,5992,kxQAgnSXcGbYHtNLB,other
Libra fragment,https://acnhcdn.com/acdb/other/StarpieceLibra.png,,NFS,500,Wishing on shooting stars (September 23 - October 22),,NA,1.0.0,StarpieceLibra,5994,SRpunGqz97ZSyQeKq,other
light-blue wrapping paper,https://acnhcdn.com/acdb/other/WPaperLightBlue.png,,160,40,Nook's Cranny,,NA,1.0.0,WPaperLightBlue,7689,k6ZfmjnoDpGqHWweS,other
lily-of-the-valley plant,https://acnhcdn.com/acdb/other/PltSuzuran.png,,NFS,222,5-star town status,,Plants,1.0.0,PltSuzuran2,7651,LXttqtLN2HF8PhQbu,other
lost item,https://acnhcdn.com/acdb/other/LostQuestBagDust.png,,NFS,NA,On ground,,NA,1.0.0,LostQuestBag,2374,uncR4zC9xppuSkiij,other
lost item,https://acnhcdn.com/acdb/other/LostQuestBookDust.png,,NFS,NA,On ground,,NA,1.0.0,LostQuestBook,2375,ymD8pZhYvP99PRiYr,other
lost item,https://acnhcdn.com/acdb/other/LostQuestNoteDust.png,,NFS,NA,On ground,,NA,1.0.0,LostQuestNote,5426,Fd7AxQwkCjc5RmfRW,other
manila clam,https://acnhcdn.com/acdb/other/FtrShellFishAsari.png,,NFS,100,Clam dig spot,,NA,1.0.0,FtrShellFishAsari,2567,JFoiWRD9rYYRQchWY,other
maple leaf,https://acnhcdn.com/acdb/other/AutumnLeaf.png,,NFS,NA,Catching with a net (Fall),,NA,1.0.0,AutumnLeaf,7374,iNPeEEqdSxkjKFPDS,other
medicine,https://acnhcdn.com/acdb/other/ItemMedicine.png,,400,100,Nook's Cranny,,Hospital,1.0.0,ItemMedicine,2777,3pirDraBT9LTcGCDc,other
message bottle,https://acnhcdn.com/acdb/other/BottleRecipe.png,,NFS,NA,Beach,,NA,1.0.0,MessageBottle,5793,euJRD9W3hqTR3YeGC,other
mint wrapping paper,https://acnhcdn.com/acdb/other/WPaperMint.png,,160,40,Nook's Cranny,,NA,1.0.0,WPaperMint,7688,J7HrFYe8eAajkNBPk,other
money tree,https://acnhcdn.com/acdb/other/PltMoney.png,,NFS,240,Burying bells in a glowing spot,,Plants,1.0.0,PltMoney4,4426,ePzXeAjEBZXBhxuAF,other
moving kit,https://acnhcdn.com/acdb/other/MovingKitPlayer.png,,NFS,NA,Tom Nook,,NA,1.0.0,MovingKitPlayer,5358,MyYYwJYdNvcGSEoFZ,other
museum moving kit,https://acnhcdn.com/acdb/other/MovingKitMuseum.png,,NFS,NA,Tom Nook,,NA,1.0.0,MovingKitMuseum,5361,nrLWMtL3jGmWYDAQM,other
navy wrapping paper,https://acnhcdn.com/acdb/other/WPaperNavy.png,,160,40,Nook's Cranny,,NA,1.0.0,WPaperNavy,7691,Ms5AhyNbJL5DuZrh2,other
old tire,https://acnhcdn.com/acdb/other/TrashTire.png,,NFS,10,Fishing,Large shadow,NA,1.0.0,TrashTire,3470,3S8juGp87QfHvtpyq,other
orange,https://acnhcdn.com/acdb/other/Orange.png,,400,500,Orange tree,,NA,1.0.0,Orange,2214,T54w2hgHB3Edytw3f,other
orange cosmos,https://acnhcdn.com/acdb/other/FlwCosmosOrange.png,,NFS,80,Picking flowers,,Plants,1.0.0,FlwCosmosOrange,2871,Hvp5sHy7uPHnH2Qda,other
orange hyacinths,https://acnhcdn.com/acdb/other/FlwHyacinthOrange.png,,NFS,80,Picking flowers,,Plants,1.0.0,FlwHyacinthOrange,3741,H7pirF6ynSFrpgLMN,other
orange lilies,https://acnhcdn.com/acdb/other/FlwYuriOrange.png,,NFS,80,Picking flowers,,Plants,1.0.0,FlwYuriOrange,2995,Y8kaixfp7SEvzCDCd,other
orange pansies,https://acnhcdn.com/acdb/other/FlwPansyRedYellow.png,,NFS,80,Picking flowers,,Plants,1.0.0,FlwPansyRedYellow,2919,atQLxZD4CSqYsaNkM,other
orange roses,https://acnhcdn.com/acdb/other/FlwRoseOrange.png,,NFS,80,Picking flowers,,Plants,1.0.0,FlwRoseOrange,2947,MsnwoMvrqgeH2ZrG6,other
orange windflowers,https://acnhcdn.com/acdb/other/FlwAnemonesOrange.png,,NFS,40,Picking flowers,,Plants,1.0.0,FlwAnemonesOrange,3713,dCQyoCdY9JFYxHXbR,other
orange wrapping paper,https://acnhcdn.com/acdb/other/WPaperOrange.png,,160,40,Nook's Cranny,,NA,1.0.0,WPaperOrange,7685,brMQqHjgqsMz5kdtb,other
orange-cosmos plant,https://acnhcdn.com/acdb/other/PltCosmosOrange3.png,,NFS,80,Red/yellow cosmos,,Plants,1.0.0,PltCosmosOrange3,3832,ZMn3hzNpMRg9vkW7E,other
orange-hyacinth plant,https://acnhcdn.com/acdb/other/PltHyacinthOrange3.png,,NFS,80,Red/yellow hyacinths,,Plants,1.0.0,PltHyacinthOrange3,3916,Qm6vasEvBMXEaWDgF,other
orange-lily plant,https://acnhcdn.com/acdb/other/PltYuriOrange3.png,,NFS,80,Red/yellow lilies,,Plants,1.0.0,PltYuriOrange3,3894,b2dp3BnCjLEQTcyHt,other
orange-pansy plant,https://acnhcdn.com/acdb/other/PltPansyRedYellow3.png,,NFS,80,Red/yellow pansies,,Plants,1.0.0,PltPansyRedYellow3,3856,NN4tLZwnXJA7nsQJF,other
orange-rose plant,https://acnhcdn.com/acdb/other/PltRoseOrange3.png,,NFS,80,Red/yellow roses,,Plants,1.0.0,PltRoseOrange3,3870,WN72HFoZ3fyhwQ5NG,other
orange-tea-olive bush,https://acnhcdn.com/latest/MenuIcon/PltBushOsmathusOrange.png,No,560,140,,,NA,1.2.0,PltBushOsmathusOrange2,12482,ijnrJoK6XMityJZDM,other
orange-tea-olive nursery,https://acnhcdn.com/latest/MenuIcon/PltBushOsmathusOrange.png,No,280,70,,,NA,1.2.0,PltBushOsmathusOrange0,12754,YiNQSEMBSiYzc45YQ,other
orange-tea-olive start,https://acnhcdn.com/latest/ShopPlant/SeedBushOsmathusOrange.png,No,280,70,,,NA,1.2.0,SeedBushOsmathusOrange,12480,QRyD9Q4f7vzqQdeCs,other
orange-tulip plant,https://acnhcdn.com/acdb/other/PltTulipOrange3.png,,NFS,80,Red/yellow tulips,,Plants,1.0.0,PltTulipOrange3,3844,iYi6dRqA3vA8fb4oZ,other
orange-windflower bag,https://acnhcdn.com/acdb/other/SeedAnemonesOrange.png,,240,60,Nook's Cranny,,Plants,1.0.0,SeedAnemonesOrange,3714,HuPd5NbyLkkFvigEo,other
orange-windflower plant,https://acnhcdn.com/acdb/other/PltAnemonesOrange3.png,,NFS,40,Seed bag,,Plants,1.0.0,PltAnemonesOrange3,3900,E9PAkZEzQ3HaJiRqy,other
peach,https://acnhcdn.com/acdb/other/Peach.png,,400,500,Peach tree,,NA,1.0.0,Peach,2286,qjF3dwhQy3e2LiWtr,other
peach tree,https://acnhcdn.com/acdb/other/PltPeach4.png,,NFS,300,Planting a peach,,Plants,1.0.0,PltPeach4,3375,jr4TgJyTJyZ933o6T,other
pear,https://acnhcdn.com/acdb/other/Pear.png,,400,500,Pear tree,,NA,1.0.0,Pear,2285,pnTL7PHd4rtyzkanu,other
pear tree,https://acnhcdn.com/acdb/other/PltPear4.png,,NFS,300,Planting a pear,,Plants,1.0.0,PltPear4,3370,7kQWGcj7EmNqj8KiL,other
pine cone,https://acnhcdn.com/acdb/other/DIYPinecone.png,,NFS,200,Shaking a cedar tree (Fall),,NA,1.0.0,DIYPinecone,5728,pKvkjhsyir2FimNts,other
pink cosmos,https://acnhcdn.com/acdb/other/FlwCosmosPink.png,,NFS,80,Picking flowers,,Plants,1.0.0,FlwCosmosPink,2867,898Ts8bbEr7iNZzGG,other
pink hyacinths,https://acnhcdn.com/acdb/other/FlwHyacinthPink.png,,NFS,80,Picking flowers,,Plants,1.0.0,FlwHyacinthPink,3738,wNbmG4DKhkErfibGX,other
pink lilies,https://acnhcdn.com/acdb/other/FlwYuriPink.png,,NFS,80,Picking flowers,,Plants,1.0.0,FlwYuriPink,2991,kiCkkhX3PNkfauJXo,other
pink mums,https://acnhcdn.com/acdb/other/FlwMumPink.png,,NFS,80,Picking flowers,,Plants,1.0.0,FlwMumPink,3765,xNhBxScQvumKJeYDz,other
pink roses,https://acnhcdn.com/acdb/other/FlwRosePink.png,,NFS,80,Picking flowers,,Plants,1.0.0,FlwRosePink,2943,Y3XgoGJjbP4FARKP8,other
pink tulips,https://acnhcdn.com/acdb/other/FlwTulipPink.png,,NFS,80,Picking flowers,,Plants,1.0.0,FlwTulipPink,2891,xsXifs2QAihKWQneZ,other
pink windflowers,https://acnhcdn.com/acdb/other/FlwAnemonesPink.png,,NFS,80,Picking flowers,,Plants,1.0.0,FlwAnemonesPink,3720,ap2QtwXRXd3rCw99D,other
pink wrapping paper,https://acnhcdn.com/acdb/other/WPaperPink.png,,160,40,Nook's Cranny,,NA,1.0.0,WPaperPink,7684,nRfsjMz6ctyb5gpGt,other
pink-azalea bush,https://acnhcdn.com/latest/MenuIcon/PltAzaleaPink.png,No,560,140,,,NA,1.2.0,PltAzaleaPink2,3788,jy3SJweiZ5ketX4zg,other
pink-azalea nursery,https://acnhcdn.com/latest/MenuIcon/PltAzaleaPink.png,No,280,70,,,NA,1.2.0,PltAzaleaPink0,12748,Ez7WK3mA2WD5CeyHb,other
pink-azalea start,https://acnhcdn.com/latest/ShopPlant/SeedAzaleaPink.png,No,280,70,,,NA,1.2.0,SeedAzaleaPink,3786,R69MFoTNoTFaAFokq,other
pink-camellia bush,https://acnhcdn.com/latest/MenuIcon/PltBushCamelliaPink.png,No,560,140,,,NA,1.2.0,PltBushCamelliaPink2,12492,tKaeYZdRmGtTShfmH,other
pink-camellia nursery,https://acnhcdn.com/latest/MenuIcon/PltBushCamelliaPink.png,No,280,70,,,NA,1.2.0,PltBushCamelliaPink0,12756,dCLfqkekaY3tAFmvc,other
pink-camellia start,https://acnhcdn.com/latest/ShopPlant/SeedBushCamelliaPink.png,No,280,70,,,NA,1.2.0,SeedBushCamelliaPink,12490,nWKkXpxtQqLCtmPEG,other
pink-cosmos plant,https://acnhcdn.com/acdb/other/PltCosmos3.png,,NFS,80,Red/white cosmos,,Plants,1.0.0,PltCosmosPink3,3830,sPeds6o4kAXvts6mc,other
pink-hyacinth plant,https://acnhcdn.com/acdb/other/PltHyacinth4.png,,NFS,80,Red/white hyacinths,,Plants,1.0.0,PltHyacinthPink3,3914,3w8JnddzGnc2yb4LF,other
pink-hydrangea bush,https://acnhcdn.com/latest/MenuIcon/PltHydrangeaPink.png,No,560,140,,,NA,1.2.0,PltHydrangeaPink2,3796,t3sEjgXcrmrJ9WbS7,other
pink-hydrangea nursery,https://acnhcdn.com/latest/MenuIcon/PltHydrangeaPink.png,No,280,70,,,NA,1.2.0,PltHydrangeaPink0,12750,6FZYjcB7o4msQZhhM,other
pink-hydrangea start,https://acnhcdn.com/latest/ShopPlant/SeedHydrangeaPink.png,No,280,70,,,NA,1.2.0,SeedHydrangeaPink,3794,MeN5MT4W7J4dbcWcC,other
pink-lily plant,https://acnhcdn.com/acdb/other/PltYuri4.png,,NFS,80,Red/white lilies,,Plants,1.0.0,PltYuriPink3,3892,iRrTAcjkNBukdsAQm,other
pink-mum plant,https://acnhcdn.com/acdb/other/PltMum3.png,,NFS,80,Red/white mums,,Plants,1.0.0,PltMumPink3,3930,yP44c6mMQC7u5udxv,other
pink-rose plant,https://acnhcdn.com/acdb/other/PltRose3.png,,NFS,80,Red/white roses,,Plants,1.0.0,PltRosePink3,3868,wpLag9jyPSoMr6wcW,other
pink-tulip plant,https://acnhcdn.com/acdb/other/PltTurip3.png,,NFS,80,Red/white tulips,,Plants,1.0.0,PltTulipPink3,3842,usSvXn26PTCuavTHo,other
pink-windflower plant,https://acnhcdn.com/acdb/other/PltAnemone3.png,,NFS,80,Red/orange windflowers,,Plants,1.0.0,PltAnemonesPink3,3904,YJfanQias2fdR9t9X,other
Pisces fragment,https://acnhcdn.com/acdb/other/StarpiecePisces.png,,NFS,500,Wishing on shooting stars (February 19 - March 20),,NA,1.0.0,StarpiecePisces,5987,nCwjX8yHBFefjAion,other
pitfall seed,https://acnhcdn.com/acdb/other/PitfallSeed.png,,NFS,140,Crafting,,NA,1.0.0,PitfallSeed,2578,HYdEMJJQXzoudrWDT,other
plot 1 housing kit,https://acnhcdn.com/acdb/other/HousingKitRcoQuestA.png,,NFS,NA,Tom Nook,,NA,1.0.0,HousingKitRcoQuestA,5827,2JkqabfsQ26vYe7Fp,other
plot 2 housing kit,https://acnhcdn.com/acdb/other/HousingKitRcoQuestB.png,,NFS,NA,Tom Nook,,NA,1.0.0,HousingKitRcoQuestB,5828,h63H2kQtzWceBt57Y,other
plot 3 housing kit,https://acnhcdn.com/acdb/other/HousingKitRcoQuestC.png,,NFS,NA,Tom Nook,,NA,1.0.0,HousingKitRcoQuestC,5829,5JGfxP3vczLy755Y4,other
present,https://acnhcdn.com/acdb/other/DummyPresentbox.png,,NFS,222,Mail,,Seasonal Decor,1.0.0,DummyPresentbox,4480,eKkBqvy3TwbZbNQWZ,other
present (black),https://i.imgur.com/RtaEdXn.png,,NFS,NA,Wrapping a present,,NA,1.0.0,DummyWrappingBlack,7714,Fz8reyFJoWrSLQSvq,other
present (blue),https://i.imgur.com/yt4bCpO.png,,NFS,NA,Wrapping a present,,NA,1.0.0,DummyWrappingBlue,7708,f38mKJ6yzmhtjyWXS,other
present (brown),https://i.imgur.com/QYaGizh.png,,NFS,NA,Wrapping a present,,NA,1.0.0,DummyWrappingBrown,7712,hwkpJC9vq2AYKrhqe,other
present (chartreuse),https://i.imgur.com/U61WFkq.png,,NFS,NA,Wrapping a present,,NA,1.0.0,DummyWrappingLightGreen,7702,78JwZftyosktxaKyQ,other
present (gold),https://i.imgur.com/b3pz9Z6.png,,NFS,NA,Wrapping a present,,NA,1.0.0,DummyWrappingGold,7711,JzsQLAwTvEPAZ2f9x,other
present (gray),https://i.imgur.com/EiIU9iU.png,,NFS,NA,Wrapping a present,,NA,1.0.0,DummyWrappingGary,7713,fw5ehh62f4u6rvQbw,other
present (green),https://i.imgur.com/HoRDwx2.png,,NFS,NA,Wrapping a present,,NA,1.0.0,DummyWrappingGreen,7703,9uhhf44dFKeQ4b5zP,other
present (light-blue),https://i.imgur.com/49iyxnO.png,,NFS,NA,Wrapping a present,,NA,1.0.0,DummyWrappingLightBlue,7705,gFWMoXzFEjAaBkoFi,other
present (mint),https://i.imgur.com/LXEk0k6.png,,NFS,NA,Wrapping a present,,NA,1.0.0,DummyWrappingMint,7704,uWkGsjeN7twxbeXLR,other
present (navy),https://i.imgur.com/QFnDYnu.png,,NFS,NA,Wrapping a present,,NA,1.0.0,DummyWrappingNavy,7707,YeKbW5aZJbTqDGemJ,other
present (orange),https://i.imgur.com/U1FVhzh.png,,NFS,NA,Wrapping a present,,NA,1.0.0,DummyWrappingOrange,7701,nHGaD5m8mC7s7CXvL,other
present (pink),https://i.imgur.com/lLM0PHx.png,,NFS,NA,Wrapping a present,,NA,1.0.0,DummyWrappingPink,7700,pvtYwhqa379pE76XE,other
present (purple),https://i.imgur.com/Evtdku2.png,,NFS,NA,Wrapping a present,,NA,1.0.0,DummyWrappingPurple,7706,7hrL79hJbARyu7ipm,other
present (red),https://i.imgur.com/QJgSvKP.png,,NFS,NA,Wrapping a present,,NA,1.0.0,DummyWrappingRed,7710,id6zFR4kWdzBig22Z,other
present (white),https://i.imgur.com/lh5MDNv.png,,NFS,NA,Wrapping a present,,NA,1.0.0,DummyWrappingWhite,7709,a5AhJAfzsgzgTfMty,other
present (yellow),https://i.imgur.com/BVZrZvm.png,,NFS,NA,Wrapping a present,,NA,1.0.0,DummyWrappingYellow,7699,BammpXwkmiSSZ7uxz,other
purple hyacinths,https://acnhcdn.com/acdb/other/FlwHyacinthPurple.png,,NFS,240,Picking flowers,,Plants,1.0.0,FlwHyacinthPurple,3751,9F9TFje8ycfZHtGwb,other
purple mums,https://acnhcdn.com/acdb/other/FlwMumPurple.png,,NFS,80,Picking flowers,,Plants,1.0.0,FlwMumPurple,3762,Cx4oGE5eG4dByu52t,other
purple pansies,https://acnhcdn.com/acdb/other/FlwPansyPurple.png,,NFS,240,Picking flowers,,Plants,1.0.0,FlwPansyPurple,2923,j7gZeSSTHAcNjGTz7,other
purple roses,https://acnhcdn.com/acdb/other/FlwRosePurple.png,,NFS,240,Picking flowers,,Plants,1.0.0,FlwRosePurple,2951,7YDMvyAt4FvfmZzpX,other
purple tulips,https://acnhcdn.com/acdb/other/FlwTulipPurple.png,,NFS,240,Picking flowers,,Plants,1.0.0,FlwTulipPurple,2899,ifT7cGFbysTHCWFES,other
purple windflowers,https://acnhcdn.com/acdb/other/FlwAnemonesPurple.png,,NFS,240,Picking flowers,,Plants,1.0.0,FlwAnemonesPurple,3727,k8fi3AsuMB335GrxH,other
purple wrapping paper,https://acnhcdn.com/acdb/other/WPaperPurple.png,,160,40,Nook's Cranny,,NA,1.0.0,WPaperPurple,7690,XYFjS9w89jxHJTJks,other
purple-hyacinth plant,https://acnhcdn.com/acdb/other/PltHyacinthPurple3.png,,NFS,240,Blue/blue hyacinths,,Plants,1.0.0,PltHyacinthPurple3,3922,25W3Z8QHvkuxynosQ,other
purple-mum plant,https://acnhcdn.com/acdb/other/PltMum5.png,,NFS,80,White/white mums,,Plants,1.0.0,PltMumPurple3,3928,h5JsnSkRkX5nHgvkJ,other
purple-pansy plant,https://acnhcdn.com/acdb/other/PltPansi3.png,,NFS,240,Blue/blue pansies,,Plants,1.0.0,PltPansyPurple3,3858,TRTMbvSzctgwWM6is,other
purple-rose plant,,,NFS,240,White/white roses,,Plants,1.0.0,PltRosePurple3,3872,o8Z9gXXxjwrerp3Xm,other
purple-tulip plant,,,NFS,240,Orange/orange tulips,,Plants,1.0.0,PltTulipPurple3,3846,P5kEKdgi4EkF3Fxge,other
purple-windflower plant,https://acnhcdn.com/acdb/other/PltAnemonesPurple3.png,,NFS,240,"Blue/blue windflowers
Blue/pink windflowers",,Plants,1.0.0,PltAnemonesPurple3,3908,K2PvXjrjRrJcxWKDZ,other
rare mushroom,https://acnhcdn.com/acdb/other/MushRare.png,,NFS,16000,On ground (Mushroom Season),,NA,1.0.0,MushRare,3280,TBrdJZWSzGth68Hs9,other
red cosmos,https://acnhcdn.com/acdb/other/FlwCosmosRed.png,,NFS,40,Picking flowers,,Plants,1.0.0,FlwCosmosRed,2304,df2GEMdr8rzF848iG,other
red hyacinths,https://acnhcdn.com/acdb/other/FlwHyacinthRed.png,,NFS,40,Picking flowers,,Plants,1.0.0,FlwHyacinthRed,3744,ch44Hxnuhc4xFnaGq,other
red lilies,https://acnhcdn.com/acdb/other/FlwYuriRed.png,,NFS,40,Picking flowers,,Plants,1.0.0,FlwYuriRed,2983,Ccbkzs9BxFwttCGux,other
red mums,https://acnhcdn.com/acdb/other/FlwMumRed.png,,NFS,40,Picking flowers,,Plants,1.0.0,FlwMumRed,3768,YbZtSHeqdMEZfvMSj,other
red ornament,https://acnhcdn.com/acdb/other/DIYOrnamentRed.png,,NFS,50,Shaking a cedar tree (Festive Season),,NA,1.0.0,DIYOrnamentRed,5730,n7d3HHquNv3trZZ6a,other
red pansies,https://acnhcdn.com/acdb/other/FlwPansyRed.png,,NFS,40,Picking flowers,,Plants,1.0.0,FlwPansyRed,2911,nifAbNAEXppAEJ2Rc,other
red roses,https://acnhcdn.com/acdb/other/FlwRoseRed.png,,NFS,40,Picking flowers,,Plants,1.0.0,FlwRoseRed,2935,6whx4t9k8aztJN6a4,other
red tulips,https://acnhcdn.com/acdb/other/FlwTulipRed.png,,NFS,40,Picking flowers,,Plants,1.0.0,FlwTulipRed,2883,wbJwAKy9SJsuWeHLn,other
red windflowers,https://acnhcdn.com/acdb/other/FlwAnemonesRed.png,,NFS,40,Picking flowers,,Plants,1.0.0,FlwAnemonesRed,3723,JRcjMczbQ6geDSWDb,other
red wrapping paper,https://acnhcdn.com/acdb/other/WPaperRed.png,,160,40,Nook's Cranny,,NA,1.0.0,WPaperRed,7694,AN7s2Q67gmpxy89Tv,other
red-camellia bush,https://acnhcdn.com/latest/MenuIcon/PltBushCamelliaRed.png,No,560,140,,,NA,1.2.0,PltBushCamelliaRed2,12489,wBA9LGru4uetCqQsx,other
red-camellia nursery,https://acnhcdn.com/latest/MenuIcon/PltBushCamelliaRed.png,No,280,70,,,NA,1.2.0,PltBushCamelliaRed0,12755,LPkQdZzHsh3qM3d5y,other
red-camellia start,https://acnhcdn.com/latest/ShopPlant/SeedBushCamelliaRed.png,No,280,70,,,NA,1.2.0,SeedBushCamelliaRed,12487,wZBBMZvxkDz22tpLo,other
red-cosmos bag,https://acnhcdn.com/acdb/other/SeedCosmosRed.png,,240,60,Nook's Cranny,,Plants,1.0.0,SeedCosmosRed,2626,uSN5GeiPFdq4sXM9p,other
red-cosmos plant,https://acnhcdn.com/acdb/other/PltCosmosRed3.png,,NFS,40,Seed bag,,Plants,1.0.0,PltCosmosRed3,3824,6DQtRdnKv3wncjoLn,other
red-hibiscus bush,https://acnhcdn.com/latest/MenuIcon/PltHibiscusRed.png,No,560,140,,,NA,1.2.0,PltHibiscusRed2,3022,9L4XDnErnxfq4WzYC,other
red-hibiscus nursery,https://acnhcdn.com/latest/MenuIcon/PltHibiscusRed.png,No,280,70,,,NA,1.2.0,PltHibiscusRed0,12752,5e9BLEje6guhmNMuk,other
red-hibiscus start,https://acnhcdn.com/latest/ShopPlant/SeedHibiscusRed.png,No,280,70,,,NA,1.2.0,SeedHibiscusRed,3019,fru8KaSmhXoKiPmxJ,other
red-hyacinth bag,https://acnhcdn.com/acdb/other/SeedHyacinthRed.png,,240,60,Nook's Cranny,,Plants,1.0.0,SeedHyacinthRed,3745,4hfNdxNQWkQ9qf6QN,other
red-hyacinth plant,https://acnhcdn.com/acdb/other/PltHyacinthRed3.png,,NFS,40,Seed bag,,Plants,1.0.0,PltHyacinthRed3,3918,2NJn5Znkpfj3PZ3h4,other
red-lily bag,https://acnhcdn.com/acdb/other/SeedYuriRed.png,,240,60,Nook's Cranny,,Plants,1.0.0,SeedYuriRed,2984,6omvRhe5bmd4Abd3z,other
red-lily plant,https://acnhcdn.com/acdb/other/PltYuriRed3.png,,NFS,40,Seed bag,,Plants,1.0.0,PltYuriRed3,3888,FpdTm8BJu2va7bxe3,other
red-mum bag,https://acnhcdn.com/acdb/other/SeedMumRed.png,,240,60,Nook's Cranny,,Plants,1.0.0,SeedMumRed,3769,BZzzrHDtZyDqP9Jot,other
red-mum plant,https://acnhcdn.com/acdb/other/PltMum2.png,,NFS,40,Seed bag,,Plants,1.0.0,PltMumRed3,3932,pdhzKEEKEWtCGLMj7,other
red-pansy bag,https://acnhcdn.com/acdb/other/SeedPansyRed.png,,240,60,Nook's Cranny,,Plants,1.0.0,SeedPansyRed,2912,H2phax8XGcyfsxHyM,other
red-pansy plant,https://acnhcdn.com/acdb/other/PltPansyRed3.png,,NFS,40,Seed bag,,Plants,1.0.0,PltPansyRed3,3852,BQJWgPE6ouCBiNoZn,other
red-rose bag,https://acnhcdn.com/acdb/other/SeedRoseRed.png,,240,60,Nook's Cranny,,Plants,1.0.0,SeedRoseRed,2936,e7SNQmbsXKT3pkkzS,other
red-rose plant,https://acnhcdn.com/acdb/other/PltRoseRed3.png,,NFS,40,Seed bag,,Plants,1.0.0,PltRoseRed3,3864,A8c3nW23t98zEzuPY,other
red-tulip bag,https://acnhcdn.com/acdb/other/SeedTulipRed.png,,240,60,Nook's Cranny,,Plants,1.0.0,SeedTulipRed,2884,6WnmQcHeeC9MAELud,other
red-tulip plant,https://acnhcdn.com/acdb/other/PltTulipRed3.png,,NFS,40,Seed bag,,Plants,1.0.0,PltTulipRed3,3838,vq6FQiZSEprG7z24A,other
red-windflower bag,https://acnhcdn.com/acdb/other/SeedAnemonesRed.png,,240,60,Nook's Cranny,,Plants,1.0.0,SeedAnemonesRed,3724,gstfXhxq6i9XsQeMu,other
red-windflower plant,https://acnhcdn.com/acdb/other/PltAnemonesRed3.png,,NFS,40,Seed bag,,Plants,1.0.0,PltAnemonesRed3,3906,R8JKJkD6gjEK548a2,other
round mushroom,https://acnhcdn.com/acdb/other/MushRound.png,,NFS,200,On ground (Mushroom Season),,NA,1.0.0,MushRound,3277,x8LdsoLTpK3eNLsLP,other
rusted part,https://acnhcdn.com/acdb/other/JohnnyQuestDust1.png,,NFS,10,Recycle Box,,NA,1.0.0,JohnnyQuestDust1,2389,eNswgjstdGpp6XoKz,other
Sagittarius fragment,https://acnhcdn.com/acdb/other/StarpieceSagittarius.png,,NFS,500,Wishing on shooting stars (November 22 - December 21),,NA,1.0.0,StarpieceSagittarius,5996,9R62eP8SNmyp2BKCw,other
Saharah Ticket,https://acnhcdn.com/acdb/other/RollanTicket.png,,NFS,100,Saharah,,NA,1.0.0,RollanTicket,9261,hcEpSZjo7pxbNQ4B9,other
sand dollar,https://acnhcdn.com/acdb/other/ShellDriftSanddollar.png,,NFS,120,Beach,,NA,1.0.0,ShellDriftSanddollar,1379,7QMCD99jYqLWHvEnR,other
sapling,https://acnhcdn.com/acdb/other/SeedOak.png,,640,160,Nook's Cranny,,Plants,1.0.0,SeedOak,2794,cD3cQwuLBqLJe2WeM,other
Scorpius fragment,https://acnhcdn.com/acdb/other/StarpieceScorpio.png,,NFS,500,Wishing on shooting stars (October 23 - November 21),,NA,1.0.0,StarpieceScorpio,5995,qGiMqtK2j3TsC7bNu,other
sea snail,https://acnhcdn.com/acdb/other/ShellDriftEbisu.png,,NFS,180,Beach,,NA,1.0.0,ShellDriftEbisu,1374,5wagvDKnQqp7a3xWD,other
shop construction kit,https://acnhcdn.com/acdb/other/ShopTent.png,,NFS,NA,Tom Nook,,NA,1.0.0,ShopTent,2756,GgwtWhgJSRb3E4gFt,other
shop moving kit,https://acnhcdn.com/acdb/other/MovingKitShop.png,,NFS,NA,Tom Nook,,NA,1.0.0,MovingKitShop,5360,9LmRipQ63jBZ3CGWq,other
skinny mushroom,https://acnhcdn.com/acdb/other/MushSlender.png,,NFS,300,On ground (Mushroom Season),,NA,1.0.0,MushSlender,3278,y2htnyw8eDSR8JHJg,other
sky egg,https://acnhcdn.com/acdb/other/EggSky.png,,NFS,200,Colorful balloon (Bunny Day),,NA,1.1.0a,EggSky,12513,SLJ273SKGouTZWTzY,other
Slingshot Recipe,https://acnhcdn.com/acdb/other/DIYRecipeSlingShot.png,,300,200,Nook's Cranny,,NA,1.0.0,DIYRecipeSlingShot,10309,b3xJn3nBBRwkKubY7,other
snowflake,https://acnhcdn.com/acdb/other/SnowCrystal.png,,NFS,200,Catching with a net (Winter),,NA,1.0.0,SnowCrystal,3539,Ru7DDSmgAT9dxL8cL,other
softwood,https://acnhcdn.com/acdb/other/DIYWoodSoft.png,,NFS,60,Chopping a tree,,NA,1.0.0,DIYWoodSoft,2767,uP3kCjbqrmTKeo2Ya,other
spoiled turnips,https://acnhcdn.com/acdb/other/Kabu_Spoil.png,,NFS,100,Expired turnips,,NA,1.0.0,Kabu_Spoil,2642,xPacPLbSrKbYSjBAd,other
star fragment,https://acnhcdn.com/acdb/other/Starpiece.png,,NFS,250,Wishing on shooting stars,,NA,1.0.0,Starpiece,5983,Fy2vYDWHtktFPiRjz,other
stone,https://acnhcdn.com/acdb/other/DIYStone.png,,NFS,75,"Hitting a rock, Fishing",X-Small shadow when fishing,NA,1.0.0,DIYStone,2502,rQ38YPKd7g8fCBqRC,other
stone egg,https://acnhcdn.com/acdb/other/EggRock.png,,NFS,200,Hitting a rock (Bunny Day),,NA,1.1.0a,EggRock,12510,fHsLgaoNxhWY7BGqm,other
summer shell,https://acnhcdn.com/acdb/other/ShellDriftSummer.png,,NFS,600,Beach (Summer),,NA,1.0.0,ShellDriftSummer,5982,nrfNFuHkwuyx2h25n,other
tailors construction kit,https://acnhcdn.com/acdb/other/HousingKitTailor.png,,NFS,NA,Tom Nook,,NA,1.0.0,HousingKitTailor,4411,nzXpuGtjkdzS8i7aZ,other
tailors moving kit,https://acnhcdn.com/acdb/other/MovingKitTailor.png,,NFS,NA,Tom Nook,,NA,1.0.0,MovingKitTailor,5359,GaNHE6Zd7QJtFKMwW,other
tailors ticket,https://acnhcdn.com/acdb/other/TailorTicket.png,,NFS,250,Label,,NA,1.0.0,TailorTicket,5932,Rq3dAQH4oTDptcDMF,other
Taurus fragment,https://acnhcdn.com/acdb/other/StarpieceTaurus.png,,NFS,500,Wishing on shooting stars (April 20 - May 20),,NA,1.0.0,StarpieceTaurus,5989,3k9txwAoHfTjWgxtx,other
tent,https://acnhcdn.com/acdb/other/Tent.png,,NFS,NA,Tom Nook,,NA,1.0.0,TutorialTent,2750,Lg4xPPH3PXiNpW268,other
Test Your DIY Skills,https://acnhcdn.com/acdb/other/DIYbook2.png,,2680,NA,Nook's Cranny,,NA,1.0.0,DIYbook2,5604,Z98Fu4EyDgeSnqxzE,other
treasure,https://acnhcdn.com/acdb/other/Present2.png,,NFS,0,Digging up treasure for a villager's quest,,NA,1.0.0,TreasureCapsule,2545,KJjoYJDr5g786djiz,other
tree branch,https://acnhcdn.com/acdb/other/DIYBranch.png,,NFS,5,Shaking a hardwood or cedar tree,,NA,1.0.0,DIYBranch,2500,fDwbwWdq93bLwRRDr,other
turnips,https://acnhcdn.com/acdb/other/PhotoStudioKabu.png,,NFS,0,Daisy Mae (Sundays),,NA,1.0.0,PhotoStudioKabu,7734,4hQrmzxXh6HRb8TDg,other
Vaulting Pole Recipe,https://acnhcdn.com/acdb/other/DIYRecipeLongWoodenStick.png,,500,200,Nook's Cranny,,NA,1.0.0,DIYRecipeLongWoodenStick,9046,7nMDCLGDnA9QYjTQq,other
venus comb,https://acnhcdn.com/acdb/other/ShellDriftHone.png,,NFS,300,Beach,,NA,1.0.0,ShellDriftHone,1375,rMwbSnAnQ6SR6ov26,other
Virgo fragment,https://acnhcdn.com/acdb/other/StarpieceVirgo.png,,NFS,500,Wishing on shooting stars (August 23 - September 22),,NA,1.0.0,StarpieceVirgo,5993,6pD87cCAtspPu5xgi,other
wasp nest,https://acnhcdn.com/acdb/other/Honeycomb.png,,NFS,300,Shaking a hardwood or cedar tree,,Ranch,1.0.0,Honeycomb,3263,nzXtgoA5GkWLJnNuv,other
water egg,https://acnhcdn.com/acdb/other/EggFish.png,,NFS,200,Fishing (Bunny Day),,NA,1.1.0a,EggFish,12514,q8ER2p757DRZoqvhB,other
orange tulips,https://acnhcdn.com/acdb/other/FlwTulipOrange.png,,NFS,80,Picking flowers,,Plants,1.0.0,FlwTulipOrange,2895,h9SC924x9vkjSAsBC,other
What was this again?,https://acnhcdn.com/acdb/other/LostQuestBagDust.png,,NFS,NA,Don't return lost item,,NA,1.0.0,LostQuestBagDust,4642,tFfFLpFHcdbw3AEW3,other
What was this again?,https://acnhcdn.com/acdb/other/LostQuestBookDust.png,,NFS,NA,Don't return lost item,,NA,1.0.0,LostQuestBookDust,4643,uh9ZQCxKj52Entfkv,other
What was this again?,https://acnhcdn.com/acdb/other/LostQuestNoteDust.png,,NFS,NA,Don't return lost item,,NA,1.0.0,LostQuestNoteDust,5427,ruc9ZFn2WnduaPXPz,other
white cosmos,https://acnhcdn.com/acdb/other/FlwCosmosWhite.png,,NFS,40,Picking flowers,,Plants,1.0.0,FlwCosmosWhite,2305,3e4iLg8KTpbmx6XW4,other
white hyacinths,https://acnhcdn.com/acdb/other/FlwHyacinthWhite.png,,NFS,40,Picking flowers,,Plants,1.0.0,FlwHyacinthWhite,3730,JtxQ44iAMCEDowPzj,other
white lilies,https://acnhcdn.com/acdb/other/FlwYuriWhite.png,,NFS,40,Picking flowers,,Plants,1.0.0,FlwYuriWhite,2979,HxHDxpDqRQEjiEs5L,other
white mums,https://acnhcdn.com/acdb/other/FlwMumWhite.png,,NFS,40,Picking flowers,,Plants,1.0.0,FlwMumWhite,3754,nCnEJpwfWp5d3DBaF,other
white pansies,https://acnhcdn.com/acdb/other/FlwPansyWhite.png,,NFS,40,Picking flowers,,Plants,1.0.0,FlwPansyWhite,2907,zxfj87rooXrjMcppa,other
white roses,https://acnhcdn.com/acdb/other/FlwRoseWhite.png,,NFS,40,Picking flowers,,Plants,1.0.0,FlwRoseWhite,2931,2ASg5YXYQr5sqSvwG,other
white tulips,https://acnhcdn.com/acdb/other/FlwTulipWhite.png,,NFS,40,Picking flowers,,Plants,1.0.0,FlwTulipWhite,2879,pzYHqKwsGDPBTsYmP,other
white windflowers,https://acnhcdn.com/acdb/other/FlwAnemonesWhite.png,,NFS,40,Picking flowers,,Plants,1.0.0,FlwAnemonesWhite,3709,QayiSgWWCqxzfAHwj,other
white wrapping paper,https://acnhcdn.com/acdb/other/WPaperWhite.png,,160,40,Nook's Cranny,,NA,1.0.0,WPaperWhite,7693,xFSvWhgZbhuCvSSpA,other
white-azalea bush,https://acnhcdn.com/latest/MenuIcon/PltAzaleaWhite.png,No,560,140,,,NA,1.2.0,PltAzaleaWhite2,2861,xmkj9sBpv8pQNGnGT,other
white-azalea nursery,https://acnhcdn.com/latest/MenuIcon/PltAzaleaWhite.png,No,280,70,,,NA,1.2.0,PltAzaleaWhite0,12747,x7sTALbbhgRkPyg75,other
white-azalea start,https://acnhcdn.com/latest/ShopPlant/SeedAzaleaWhite.png,No,280,70,,,NA,1.2.0,SeedAzaleaWhite,2820,2xmbtR7bGZ9SkctzF,other
white-cosmos bag,https://acnhcdn.com/acdb/other/SeedCosmosWhite.png,,240,60,Nook's Cranny,,Plants,1.0.0,SeedCosmosWhite,2629,qkPkqfogiwMf9fKCS,other
white-cosmos plant,https://acnhcdn.com/acdb/other/PltCosmos0.png,,NFS,40,Seed bag,,Plants,1.0.0,PltCosmosWhite3,3826,3iZJP9ouR47H43qMJ,other
white-hyacinth bag,https://acnhcdn.com/acdb/other/SeedHyacinthWhite.png,,240,60,Nook's Cranny,,Plants,1.0.0,SeedHyacinthWhite,3731,iojgh78kpnPtzmjz5,other
white-hyacinth plant,https://acnhcdn.com/acdb/other/PltHyacinth0.png,,NFS,40,Seed bag,,Plants,1.0.0,PltHyacinthWhite3,3910,uznvYGDDCpPJkYaEJ,other
white-lily bag,https://acnhcdn.com/acdb/other/SeedYuriWhite.png,,240,60,Nook's Cranny,,Plants,1.0.0,SeedYuriWhite,2980,wD5MnM6bM2t88hMs5,other
white-lily plant,https://acnhcdn.com/acdb/other/PltYuri0.png,,NFS,40,Seed bag,,Plants,1.0.0,PltYuriWhite3,3886,jwRXxgLr3hFQsAZB6,other
white-mum bag,https://acnhcdn.com/acdb/other/SeedMumWhite.png,,240,60,Nook's Cranny,,Plants,1.0.0,SeedMumWhite,3755,PZ8MqZFTibFpr8Lqi,other
white-mum plant,https://acnhcdn.com/acdb/other/PltMum0.png,,NFS,40,Seed bag,,Plants,1.0.0,PltMumWhite3,3924,hYqfsENa2bSHGznkC,other
white-pansy bag,https://acnhcdn.com/acdb/other/SeedPansyWhite.png,,240,60,Nook's Cranny,,Plants,1.0.0,SeedPansyWhite,2908,RsndrSoamwXzNjD9y,other
white-pansy plant,https://acnhcdn.com/acdb/other/PltPansi0.png,,NFS,40,Seed bag,,Plants,1.0.0,PltPansyWhite3,3850,XmpB3NuR9RS9PXmCM,other
white-rose bag,https://acnhcdn.com/acdb/other/SeedRoseWhite.png,,240,60,Nook's Cranny,,Plants,1.0.0,SeedRoseWhite,2932,FxA5MDvGKZc44uenJ,other
white-rose plant,https://acnhcdn.com/acdb/other/PltRose1.png,,NFS,40,Seed bag,,Plants,1.0.0,PltRoseWhite3,3862,vJFgRAkAYT32pscBc,other
white-tulip bag,https://acnhcdn.com/acdb/other/SeedTulipWhite.png,,240,60,Nook's Cranny,,Plants,1.0.0,SeedTulipWhite,2880,9JqXDYEJa9M3fGjkX,other
white-tulip plant,https://acnhcdn.com/acdb/other/PltTurip1.png,,NFS,40,Seed bag,,Plants,1.0.0,PltTulipWhite3,3836,EPcGhsMb6jQKpbBnC,other
white-windflower bag,https://acnhcdn.com/acdb/other/SeedAnemonesWhite.png,,240,60,Nook's Cranny,,Plants,1.0.0,SeedAnemonesWhite,3710,2XmGTkrRQqQbjfEoi,other
white-windflower plant,https://acnhcdn.com/acdb/other/PltAnemone0.png,,NFS,40,Seed bag,,Plants,1.0.0,PltAnemonesWhite3,3898,5RMyLD5TYyRTzfLdq,other
Wildest Dreams DIY,https://acnhcdn.com/acdb/other/DIYbook3.png,,6980,NA,Nook's Cranny,,NA,1.0.0,DIYbook3,5605,7DL3HBGPEfgi6XZfX,other
Wisp spirit piece,https://acnhcdn.com/acdb/other/YutaroWisp.png,,NFS,NA,Catching with a net while on a quest for Wisp,,NA,1.0.0,YutaroWisp,4702,yhGWoYrexRQRmWkvP,other
wood,https://acnhcdn.com/acdb/other/DIYWoodNormal.png,,NFS,60,Chopping a tree,,NA,1.0.0,DIYWoodNormal,2768,NYkn4SWpdNtkSjGMz,other
wood egg,https://acnhcdn.com/acdb/other/EggForest.png,,NFS,200,Chopping a tree (Bunny Day),,NA,1.1.0a,EggForest,12512,8adCtThYkk3SrfhhS,other
yellow cosmos,https://acnhcdn.com/acdb/other/FlwCosmosYellow.png,,NFS,40,Picking flowers,,Plants,1.0.0,FlwCosmosYellow,2863,zjAYhjmqMzq3kDBdb,other
yellow hyacinths,https://acnhcdn.com/acdb/other/FlwHyacinthYellow.png,,NFS,40,Picking flowers,,Plants,1.0.0,FlwHyacinthYellow,3734,4KF7eJpRzonQ585ut,other
yellow lilies,https://acnhcdn.com/acdb/other/FlwYuriYellow.png,,NFS,40,Picking flowers,,Plants,1.0.0,FlwYuriYellow,2987,CYNwo9htHodqc52MC,other
yellow mums,https://acnhcdn.com/acdb/other/FlwMumYellow.png,,NFS,40,Picking flowers,,Plants,1.0.0,FlwMumYellow,3758,5RAPmcCnKxJuTxsD5,other
yellow pansies,https://acnhcdn.com/acdb/other/FlwPansyYellow.png,,NFS,40,Picking flowers,,Plants,1.0.0,FlwPansyYellow,2915,s5oZ3HMatfcyLFmb7,other
yellow roses,https://acnhcdn.com/acdb/other/FlwRoseYellow.png,,NFS,40,Picking flowers,,Plants,1.0.0,FlwRoseYellow,2939,sfweQbaT8mzKykjhk,other
yellow tulips,https://acnhcdn.com/acdb/other/FlwTulipYellow.png,,NFS,40,Picking flowers,,Plants,1.0.0,FlwTulipYellow,2887,PdZJXzmx5y6JSLrRD,other
yellow wrapping paper,https://acnhcdn.com/acdb/other/WPaperYellow.png,,160,40,Nook's Cranny,,NA,1.0.0,WPaperYellow,7683,DP6esJYrS7WodmWe2,other
yellow-cosmos bag,https://acnhcdn.com/acdb/other/SeedCosmosYellow.png,,240,60,Nook's Cranny,,Plants,1.0.0,SeedCosmosYellow,2864,uP5p9469CWwJMRTpW,other
yellow-cosmos plant,https://acnhcdn.com/acdb/other/PltCosmos2.png,,NFS,40,Seed bag,,Plants,1.0.0,PltCosmosYellow3,3828,Bh4zXHCea4eaSgmz9,other
yellow-hibiscus bush,https://acnhcdn.com/latest/MenuIcon/PltHibiscusYellow.png,No,560,140,,,NA,1.2.0,PltHibiscusYellow2,3792,Kb6qYCTJwjNX46xok,other
yellow-hibiscus nursery,https://acnhcdn.com/latest/MenuIcon/PltHibiscusYellow.png,No,280,70,,,NA,1.2.0,PltHibiscusYellow0,12751,DShJMzBnrS7Sd7mdv,other
yellow-hibiscus start,https://acnhcdn.com/latest/ShopPlant/SeedHibiscusYellow.png,No,280,70,,,NA,1.2.0,SeedHibiscusYellow,3790,ZuDtvHRzubPByTeRG,other
yellow-hyacinth bag,https://acnhcdn.com/acdb/other/SeedHyacinthYellow.png,,240,60,Nook's Cranny,,Plants,1.0.0,SeedHyacinthYellow,3735,5yZ7783u3awJuzvtj,other
yellow-hyacinth plant,https://acnhcdn.com/acdb/other/PltHyacinth1.png,,NFS,40,Seed bag,,Plants,1.0.0,PltHyacinthYellow3,3912,TZCvMPvktNmFAFKvP,other
yellow-lily bag,https://acnhcdn.com/acdb/other/SeedYuriYellow.png,,240,60,Nook's Cranny,,Plants,1.0.0,SeedYuriYellow,2988,gQ8rvpd52GD6oPZEB,other
yellow-lily plant,https://acnhcdn.com/acdb/other/PltYuri1.png,,NFS,40,Seed bag,,Plants,1.0.0,PltYuriYellow3,3890,JmyYGEqKsuXG7YJmx,other
yellow-mum bag,https://acnhcdn.com/acdb/other/SeedMumYellow.png,,240,60,Nook's Cranny,,Plants,1.0.0,SeedMumYellow,3759,PcvPGssP7xWcncSu8,other
yellow-mum plant,https://acnhcdn.com/acdb/other/PltMum1.png,,NFS,40,Seed bag,,Plants,1.0.0,PltMumYellow3,3926,R7rBdJkoAh4Ss5fc7,other
yellow-pansy bag,https://acnhcdn.com/acdb/other/SeedPansyYellow.png,,240,60,Nook's Cranny,,Plants,1.0.0,SeedPansyYellow,2916,65A93Q3TDrr2TXe7r,other
yellow-pansy plant,https://acnhcdn.com/acdb/other/PltPansi1.png,,NFS,40,Seed bag,,Plants,1.0.0,PltPansyYellow3,3854,4DaoN5DPRbz3LuGPH,other
yellow-rose bag,https://acnhcdn.com/acdb/other/SeedRoseYellow.png,,240,60,Nook's Cranny,,Plants,1.0.0,SeedRoseYellow,2940,BE6hakXFRTg2qdcPT,other
yellow-rose plant,https://acnhcdn.com/acdb/other/PltRose2.png,,NFS,40,Seed bag,,Plants,1.0.0,PltRoseYellow3,3866,zukyGsru7LprL3Nn3,other
yellow-tea-olive bush,https://acnhcdn.com/latest/MenuIcon/PltBushOsmathusYellow.png,No,560,140,,,NA,1.2.0,PltBushOsmathusYellow2,12478,79ausqrAiPDZqBB7Q,other
yellow-tea-olive nursery,https://acnhcdn.com/latest/MenuIcon/PltBushOsmathusYellow.png,No,280,70,,,NA,1.2.0,PltBushOsmathusYellow0,12753,9FTtowZKFNMnSnsyk,other
yellow-tea-olive start,https://acnhcdn.com/latest/ShopPlant/SeedBushOsmathusYellow.png,No,280,70,,,NA,1.2.0,SeedBushOsmathusYellow,12476,u9zmBcFHEqkM47dmk,other
yellow-tulip bag,https://acnhcdn.com/acdb/other/SeedTulipYellow.png,,240,60,Nook's Cranny,,Plants,1.0.0,SeedTulipYellow,2888,dK3ZtSLJjdTpT5fxq,other
yellow-tulip plant,https://acnhcdn.com/acdb/other/PltTurip2.png,,NFS,40,Seed bag,,Plants,1.0.0,PltTulipYellow3,3840,YuRZQh2wgkDnLLK55,other
young blue hydrangea,https://acnhcdn.com/latest/MenuIcon/PltHydrangeaBlue.png,No,420,105,,,NA,1.2.0,PltHydrangeaBlue1,3799,pAJKQx6Mk9hvfzf6Q,other
young holly,https://acnhcdn.com/latest/MenuIcon/PltHolly.png,No,420,105,,,NA,1.2.0,PltHolly1,3026,LRZFgyh733WSifFpA,other
young orange tea olive,https://acnhcdn.com/latest/MenuIcon/PltBushOsmathusOrange.png,No,420,105,,,NA,1.2.0,PltBushOsmathusOrange1,12481,nhwo3GqxRh24LkKp2,other
young pink azalea,https://acnhcdn.com/latest/MenuIcon/PltAzaleaPink.png,No,420,105,,,NA,1.2.0,PltAzaleaPink1,3787,zWfXh4fQhA3eLkRhh,other
young pink camellia,https://acnhcdn.com/latest/MenuIcon/PltBushCamelliaPink.png,No,420,105,,,NA,1.2.0,PltBushCamelliaPink1,12491,Mr5dT9enE9E9abQB8,other
young pink hydrangea,https://acnhcdn.com/latest/MenuIcon/PltHydrangeaPink.png,No,420,105,,,NA,1.2.0,PltHydrangeaPink1,3795,J2XWxQvzyQ8svq2Nk,other
young red camellia,https://acnhcdn.com/latest/MenuIcon/PltBushCamelliaRed.png,No,420,105,,,NA,1.2.0,PltBushCamelliaRed1,12488,WyeEuSLKN644gJH2z,other
young red hibiscus,https://acnhcdn.com/latest/MenuIcon/PltHibiscusRed.png,No,420,105,,,NA,1.2.0,PltHibiscusRed1,3021,Zr6hN22TvjqPT2Tfr,other
young spring bamboo,https://acnhcdn.com/acdb/other/DIYBambooSpring.png,,NFS,200,Chopping a bamboo tree (Spring),,NA,1.0.0,DIYBambooSpring,5729,rMwLLdMSqxg3w5gLx,other
young white azalea,https://acnhcdn.com/latest/MenuIcon/PltAzaleaWhite.png,No,420,105,,,NA,1.2.0,PltAzaleaWhite1,2860,t7FsLxZzZ9mHSppL7,other
young yellow hibiscus,https://acnhcdn.com/latest/MenuIcon/PltHibiscusYellow.png,No,420,105,,,NA,1.2.0,PltHibiscusYellow1,3791,TWiBkrG8hjyQyvimE,other
young yellow tea olive,https://acnhcdn.com/latest/MenuIcon/PltBushOsmathusYellow.png,No,420,105,,,NA,1.2.0,PltBushOsmathusYellow1,12477,SD8BcLrikLWWZYhYm,other