Name,Image,Variation,Body Title,DIY,Customize,Kit Cost,Uses,Buy,Sell,Color 1,Color 2,Size,Set,Source,Source Notes,Version,Filename,Variant ID,Internal ID,Unique Entry ID,category
axe,https://acnhcdn.com/latest/FtrIcon/ToolAxe.png,NA,NA,Yes,No,NA,100,2500,625,None,None,1x1,None,Nook's Cranny; Crafting,,1.0.0,ToolAxe,NA,2100,iR9zzEhzpbXTGdkR4,tools
bamboo wand,https://acnhcdn.com/latest/FtrIcon/ToolStickBamboo.png,NA,NA,Yes,No,NA,Unlimited,NFS,3900,None,None,1x1,None,Crafting,Spring seasonal DIY using bamboo (from bamboo trees),1.0.0,ToolStickBamboo,NA,7590,YLjDYt9NhwTgoXhLD,tools
bug wand,https://acnhcdn.com/latest/FtrIcon/ToolStcikInsect.png,NA,NA,No,No,NA,Unlimited,NFS,1500,None,None,1x1,None,Bug-Off,,1.0.0,ToolStcikInsect,NA,8769,vqp4KBeWgZjYbFj7Z,tools
Bunny Day wand,https://acnhcdn.com/latest/FtrIcon/ToolStickEgg.png,NA,NA,Yes,No,NA,Unlimited,NFS,11100,None,None,1x1,None,Crafting,Obtained from Zipper on Bunny Day after collecting most Bunny Day recipes (third gift),1.1.0a,ToolStickEgg,NA,12578,26wk773sY75rKY2P4,tools
cherry-blossom wand,https://acnhcdn.com/latest/FtrIcon/ToolStickCherryblossom.png,NA,NA,Yes,No,NA,Unlimited,NFS,2700,None,None,1x1,None,Crafting,,1.0.0,ToolStickCherryblossom,NA,7589,WHHbg5ZqTMu4J2wm5,tools
colorful fishing rod,https://acnhcdn.com/latest/FtrIcon/ToolFishingrodDuck_Remake_0_0.png,Yellow,Color,No,Yes,1,30,2500,625,None,None,1x1,Colorful Tools,Nook's Cranny,Available in Nook's Cranny (upgraded only),1.0.0,ToolFishingrodDuck_Remake_0_0,0_0,8472,ZTf6fzMoETiRSgYyv,tools
colorful fishing rod,https://acnhcdn.com/latest/FtrIcon/ToolFishingrodDuck_Remake_1_0.png,Orange,Color,No,Yes,1,30,2500,625,None,None,1x1,Colorful Tools,Nook's Cranny,Available in Nook's Cranny (upgraded only),1.0.0,ToolFishingrodDuck_Remake_1_0,1_0,8472,9RuY2ZBRztSNDRrfy,tools
colorful fishing rod,https://acnhcdn.com/latest/FtrIcon/ToolFishingrodDuck_Remake_2_0.png,Light blue,Color,No,Yes,1,30,2500,625,None,None,1x1,Colorful Tools,Nook's Cranny,Available in Nook's Cranny (upgraded only),1.0.0,ToolFishingrodDuck_Remake_2_0,2_0,8472,8PASMoPi9YgSBQ2LK,tools
colorful fishing rod,https://acnhcdn.com/latest/FtrIcon/ToolFishingrodDuck_Remake_3_0.png,Pink,Color,No,Yes,1,30,2500,625,None,None,1x1,Colorful Tools,Nook's Cranny,Available in Nook's Cranny (upgraded only),1.0.0,ToolFishingrodDuck_Remake_3_0,3_0,8472,sfSivSgSps27Jaz5M,tools
colorful fishing rod,https://acnhcdn.com/latest/FtrIcon/ToolFishingrodDuck_Remake_4_0.png,Green,Color,No,Yes,1,30,2500,625,None,None,1x1,Colorful Tools,Nook's Cranny,Available in Nook's Cranny (upgraded only),1.0.0,ToolFishingrodDuck_Remake_4_0,4_0,8472,vnSiERDKYDcddtuv6,tools
colorful fishing rod,https://acnhcdn.com/latest/FtrIcon/ToolFishingrodDuck_Remake_5_0.png,Purple,Color,No,Yes,1,30,2500,625,None,None,1x1,Colorful Tools,Nook's Cranny,Available in Nook's Cranny (upgraded only),1.0.0,ToolFishingrodDuck_Remake_5_0,5_0,8472,avewXgm4JtCerDcd6,tools
colorful fishing rod,https://acnhcdn.com/latest/FtrIcon/ToolFishingrodDuck_Remake_6_0.png,White,Color,No,Yes,1,30,2500,625,None,None,1x1,Colorful Tools,Nook's Cranny,Available in Nook's Cranny (upgraded only),1.0.0,ToolFishingrodDuck_Remake_6_0,6_0,8472,wmcSp5RZAczawLnJf,tools
colorful fishing rod,https://acnhcdn.com/latest/FtrIcon/ToolFishingrodDuck_Remake_7_0.png,Gray,Color,No,Yes,1,30,2500,625,None,None,1x1,Colorful Tools,Nook's Cranny,Available in Nook's Cranny (upgraded only),1.0.0,ToolFishingrodDuck_Remake_7_0,7_0,8472,v76QddpoKv2M4XspK,tools
colorful net,https://acnhcdn.com/latest/FtrIcon/ToolNetPattern_Remake_0_0.png,Yellow & orange,Color,No,Yes,1,30,2500,625,None,None,1x1,Colorful Tools,Nook's Cranny,Available in Nook's Cranny (upgraded only),1.0.0,ToolNetPattern_Remake_0_0,0_0,8177,5wGjS9fxCaGhWK5Cv,tools
colorful net,https://acnhcdn.com/latest/FtrIcon/ToolNetPattern_Remake_1_0.png,Red & yellow,Color,No,Yes,1,30,2500,625,None,None,1x1,Colorful Tools,Nook's Cranny,Available in Nook's Cranny (upgraded only),1.0.0,ToolNetPattern_Remake_1_0,1_0,8177,k4Ssqq2DesuGTy6hy,tools
colorful net,https://acnhcdn.com/latest/FtrIcon/ToolNetPattern_Remake_2_0.png,Orange & blue,Color,No,Yes,1,30,2500,625,None,None,1x1,Colorful Tools,Nook's Cranny,Available in Nook's Cranny (upgraded only),1.0.0,ToolNetPattern_Remake_2_0,2_0,8177,6pJhWYNiuyZKuKvYz,tools
colorful net,https://acnhcdn.com/latest/FtrIcon/ToolNetPattern_Remake_3_0.png,Pink & yellow,Color,No,Yes,1,30,2500,625,None,None,1x1,Colorful Tools,Nook's Cranny,Available in Nook's Cranny (upgraded only),1.0.0,ToolNetPattern_Remake_3_0,3_0,8177,AmK8KNTDWxdrJH6h7,tools
colorful net,https://acnhcdn.com/latest/FtrIcon/ToolNetPattern_Remake_4_0.png,Green & blue,Color,No,Yes,1,30,2500,625,None,None,1x1,Colorful Tools,Nook's Cranny,Available in Nook's Cranny (upgraded only),1.0.0,ToolNetPattern_Remake_4_0,4_0,8177,zcdZjuNZWrHas5efC,tools
colorful net,https://acnhcdn.com/latest/FtrIcon/ToolNetPattern_Remake_5_0.png,Purple & pink,Color,No,Yes,1,30,2500,625,None,None,1x1,Colorful Tools,Nook's Cranny,Available in Nook's Cranny (upgraded only),1.0.0,ToolNetPattern_Remake_5_0,5_0,8177,cTrR3cREJBqWZyfN6,tools
colorful net,https://acnhcdn.com/latest/FtrIcon/ToolNetPattern_Remake_6_0.png,White & blue,Color,No,Yes,1,30,2500,625,None,None,1x1,Colorful Tools,Nook's Cranny,Available in Nook's Cranny (upgraded only),1.0.0,ToolNetPattern_Remake_6_0,6_0,8177,wFcTeKJ9gM4yLgfTQ,tools
colorful net,https://acnhcdn.com/latest/FtrIcon/ToolNetPattern_Remake_7_0.png,Gray & green,Color,No,Yes,1,30,2500,625,None,None,1x1,Colorful Tools,Nook's Cranny,Available in Nook's Cranny (upgraded only),1.0.0,ToolNetPattern_Remake_7_0,7_0,8177,kgBcZghywrT4j47vx,tools
colorful shovel,https://acnhcdn.com/latest/FtrIcon/ToolScoopColorful_Remake_0_0.png,Yellow,Color,No,Yes,1,100,2500,625,None,None,1x1,Colorful Tools,Nook's Cranny,Available in Nook's Cranny (upgraded only),1.0.0,ToolScoopColorful_Remake_0_0,0_0,8577,ojvEkqxvFKKrrB6GR,tools
colorful shovel,https://acnhcdn.com/latest/FtrIcon/ToolScoopColorful_Remake_1_0.png,Red,Color,No,Yes,1,100,2500,625,None,None,1x1,Colorful Tools,Nook's Cranny,Available in Nook's Cranny (upgraded only),1.0.0,ToolScoopColorful_Remake_1_0,1_0,8577,pnM6ygwcMS5KmSP6c,tools
colorful shovel,https://acnhcdn.com/latest/FtrIcon/ToolScoopColorful_Remake_2_0.png,Blue,Color,No,Yes,1,100,2500,625,None,None,1x1,Colorful Tools,Nook's Cranny,Available in Nook's Cranny (upgraded only),1.0.0,ToolScoopColorful_Remake_2_0,2_0,8577,MYmh4oANQabcGNjJ6,tools
colorful shovel,https://acnhcdn.com/latest/FtrIcon/ToolScoopColorful_Remake_3_0.png,Pink,Color,No,Yes,1,100,2500,625,None,None,1x1,Colorful Tools,Nook's Cranny,Available in Nook's Cranny (upgraded only),1.0.0,ToolScoopColorful_Remake_3_0,3_0,8577,c3Frxwsyo8PSKZNya,tools
colorful shovel,https://acnhcdn.com/latest/FtrIcon/ToolScoopColorful_Remake_4_0.png,Green,Color,No,Yes,1,100,2500,625,None,None,1x1,Colorful Tools,Nook's Cranny,Available in Nook's Cranny (upgraded only),1.0.0,ToolScoopColorful_Remake_4_0,4_0,8577,RbQtnSAf4HNLKuao2,tools
colorful shovel,https://acnhcdn.com/latest/FtrIcon/ToolScoopColorful_Remake_5_0.png,Purple,Color,No,Yes,1,100,2500,625,None,None,1x1,Colorful Tools,Nook's Cranny,Available in Nook's Cranny (upgraded only),1.0.0,ToolScoopColorful_Remake_5_0,5_0,8577,MiJwRTGjbkK5Jx3Zw,tools
colorful shovel,https://acnhcdn.com/latest/FtrIcon/ToolScoopColorful_Remake_6_0.png,White,Color,No,Yes,1,100,2500,625,None,None,1x1,Colorful Tools,Nook's Cranny,Available in Nook's Cranny (upgraded only),1.0.0,ToolScoopColorful_Remake_6_0,6_0,8577,XCrHq3vFnD83kY2Sg,tools
colorful shovel,https://acnhcdn.com/latest/FtrIcon/ToolScoopColorful_Remake_7_0.png,Black,Color,No,Yes,1,100,2500,625,None,None,1x1,Colorful Tools,Nook's Cranny,Available in Nook's Cranny (upgraded only),1.0.0,ToolScoopColorful_Remake_7_0,7_0,8577,zo7TsB8NzfnFDA7yS,tools
colorful slingshot,https://acnhcdn.com/latest/FtrIcon/ToolSlingshotColorful_Remake_0_0.png,Yellow,Color,No,Yes,1,20,2500,625,None,None,1x1,Colorful Tools,Nook's Cranny,Available in Nook's Cranny (upgraded only),1.0.0,ToolSlingshotColorful_Remake_0_0,0_0,8580,dSvd9K7sRTbx6k5cd,tools
colorful slingshot,https://acnhcdn.com/latest/FtrIcon/ToolSlingshotColorful_Remake_1_0.png,Red,Color,No,Yes,1,20,2500,625,None,None,1x1,Colorful Tools,Nook's Cranny,Available in Nook's Cranny (upgraded only),1.0.0,ToolSlingshotColorful_Remake_1_0,1_0,8580,WAcZwYerSQtwujaPZ,tools
colorful slingshot,https://acnhcdn.com/latest/FtrIcon/ToolSlingshotColorful_Remake_2_0.png,Blue,Color,No,Yes,1,20,2500,625,None,None,1x1,Colorful Tools,Nook's Cranny,Available in Nook's Cranny (upgraded only),1.0.0,ToolSlingshotColorful_Remake_2_0,2_0,8580,k7afhFcA5Pqd8qu5F,tools
colorful slingshot,https://acnhcdn.com/latest/FtrIcon/ToolSlingshotColorful_Remake_3_0.png,Pink,Color,No,Yes,1,20,2500,625,None,None,1x1,Colorful Tools,Nook's Cranny,Available in Nook's Cranny (upgraded only),1.0.0,ToolSlingshotColorful_Remake_3_0,3_0,8580,GBqsH5XYgDHk8wGAz,tools
colorful slingshot,https://acnhcdn.com/latest/FtrIcon/ToolSlingshotColorful_Remake_4_0.png,Green,Color,No,Yes,1,20,2500,625,None,None,1x1,Colorful Tools,Nook's Cranny,Available in Nook's Cranny (upgraded only),1.0.0,ToolSlingshotColorful_Remake_4_0,4_0,8580,qq67sn4aq9w7w9Ga2,tools
colorful slingshot,https://acnhcdn.com/latest/FtrIcon/ToolSlingshotColorful_Remake_5_0.png,Purple,Color,No,Yes,1,20,2500,625,None,None,1x1,Colorful Tools,Nook's Cranny,Available in Nook's Cranny (upgraded only),1.0.0,ToolSlingshotColorful_Remake_5_0,5_0,8580,2JHaGhkbpoa4qbhge,tools
colorful slingshot,https://acnhcdn.com/latest/FtrIcon/ToolSlingshotColorful_Remake_6_0.png,White,Color,No,Yes,1,20,2500,625,None,None,1x1,Colorful Tools,Nook's Cranny,Available in Nook's Cranny (upgraded only),1.0.0,ToolSlingshotColorful_Remake_6_0,6_0,8580,cQYdSQ4MzKcnYAyc8,tools
colorful slingshot,https://acnhcdn.com/latest/FtrIcon/ToolSlingshotColorful_Remake_7_0.png,Black,Color,No,Yes,1,20,2500,625,None,None,1x1,Colorful Tools,Nook's Cranny,Available in Nook's Cranny (upgraded only),1.0.0,ToolSlingshotColorful_Remake_7_0,7_0,8580,KiTQgsCkJSTq6ssm6,tools
colorful watering can,https://acnhcdn.com/latest/FtrIcon/ToolWateringColorful_Remake_0_0.png,Yellow,Color,No,Yes,1,60,2500,625,None,None,1x1,Colorful Tools,Nook's Cranny,Available in Nook's Cranny (upgraded only),1.0.0,ToolWateringColorful_Remake_0_0,0_0,8534,35yzBzko3wrMwHjST,tools
colorful watering can,https://acnhcdn.com/latest/FtrIcon/ToolWateringColorful_Remake_1_0.png,Red,Color,No,Yes,1,60,2500,625,None,None,1x1,Colorful Tools,Nook's Cranny,Available in Nook's Cranny (upgraded only),1.0.0,ToolWateringColorful_Remake_1_0,1_0,8534,ngYPKLyn5xXawzas3,tools
colorful watering can,https://acnhcdn.com/latest/FtrIcon/ToolWateringColorful_Remake_2_0.png,Blue,Color,No,Yes,1,60,2500,625,None,None,1x1,Colorful Tools,Nook's Cranny,Available in Nook's Cranny (upgraded only),1.0.0,ToolWateringColorful_Remake_2_0,2_0,8534,QxhyiwvJWyAShwyhJ,tools
colorful watering can,https://acnhcdn.com/latest/FtrIcon/ToolWateringColorful_Remake_3_0.png,Pink,Color,No,Yes,1,60,2500,625,None,None,1x1,Colorful Tools,Nook's Cranny,Available in Nook's Cranny (upgraded only),1.0.0,ToolWateringColorful_Remake_3_0,3_0,8534,yuB5QpzCg94HN6u4g,tools
colorful watering can,https://acnhcdn.com/latest/FtrIcon/ToolWateringColorful_Remake_4_0.png,Green,Color,No,Yes,1,60,2500,625,None,None,1x1,Colorful Tools,Nook's Cranny,Available in Nook's Cranny (upgraded only),1.0.0,ToolWateringColorful_Remake_4_0,4_0,8534,q3p2jaJBt5gD2HRkZ,tools
colorful watering can,https://acnhcdn.com/latest/FtrIcon/ToolWateringColorful_Remake_5_0.png,Purple,Color,No,Yes,1,60,2500,625,None,None,1x1,Colorful Tools,Nook's Cranny,Available in Nook's Cranny (upgraded only),1.0.0,ToolWateringColorful_Remake_5_0,5_0,8534,fAm9eEkidwn5LSjSd,tools
colorful watering can,https://acnhcdn.com/latest/FtrIcon/ToolWateringColorful_Remake_6_0.png,White,Color,No,Yes,1,60,2500,625,None,None,1x1,Colorful Tools,Nook's Cranny,Available in Nook's Cranny (upgraded only),1.0.0,ToolWateringColorful_Remake_6_0,6_0,8534,4ySFWfB9G3KCq8sKf,tools
colorful watering can,https://acnhcdn.com/latest/FtrIcon/ToolWateringColorful_Remake_7_0.png,Black,Color,No,Yes,1,60,2500,625,None,None,1x1,Colorful Tools,Nook's Cranny,Available in Nook's Cranny (upgraded only),1.0.0,ToolWateringColorful_Remake_7_0,7_0,8534,yLHsKfxS39qTMyZ67,tools
cosmos wand,https://acnhcdn.com/latest/FtrIcon/ToolStickCosmos.png,NA,NA,Yes,No,NA,Unlimited,NFS,1580,None,None,1x1,None,Crafting,,1.0.0,ToolStickCosmos,NA,5092,vNqGM6xMEtteYKoza,tools
elephant watering can,https://acnhcdn.com/latest/FtrIcon/ToolWateringElephant_Remake_0_0.png,Gray,Color,No,Yes,1,60,2500,625,None,None,1x1,None,Nook's Cranny,Available in Nook's Cranny (upgraded only),1.0.0,ToolWateringElephant_Remake_0_0,0_0,8535,AjAhCPjQAreLmqKCB,tools
elephant watering can,https://acnhcdn.com/latest/FtrIcon/ToolWateringElephant_Remake_1_0.png,Green,Color,No,Yes,1,60,2500,625,None,None,1x1,None,Nook's Cranny,Available in Nook's Cranny (upgraded only),1.0.0,ToolWateringElephant_Remake_1_0,1_0,8535,JBApgvSrYbJcSmsd2,tools
elephant watering can,https://acnhcdn.com/latest/FtrIcon/ToolWateringElephant_Remake_2_0.png,Blue,Color,No,Yes,1,60,2500,625,None,None,1x1,None,Nook's Cranny,Available in Nook's Cranny (upgraded only),1.0.0,ToolWateringElephant_Remake_2_0,2_0,8535,HcqA5ggg9XBLsfYNK,tools
elephant watering can,https://acnhcdn.com/latest/FtrIcon/ToolWateringElephant_Remake_3_0.png,Pink,Color,No,Yes,1,60,2500,625,None,None,1x1,None,Nook's Cranny,Available in Nook's Cranny (upgraded only),1.0.0,ToolWateringElephant_Remake_3_0,3_0,8535,mvF2W6yf4hcXLu3eM,tools
elephant watering can,https://acnhcdn.com/latest/FtrIcon/ToolWateringElephant_Remake_4_0.png,Red,Color,No,Yes,1,60,2500,625,None,None,1x1,None,Nook's Cranny,Available in Nook's Cranny (upgraded only),1.0.0,ToolWateringElephant_Remake_4_0,4_0,8535,B6oWDPizvZRRBDbop,tools
elephant watering can,https://acnhcdn.com/latest/FtrIcon/ToolWateringElephant_Remake_5_0.png,Yellow,Color,No,Yes,1,60,2500,625,None,None,1x1,None,Nook's Cranny,Available in Nook's Cranny (upgraded only),1.0.0,ToolWateringElephant_Remake_5_0,5_0,8535,AoZCaqfJYb6TSNctg,tools
elephant watering can,https://acnhcdn.com/latest/FtrIcon/ToolWateringElephant_Remake_6_0.png,Light blue,Color,No,Yes,1,60,2500,625,None,None,1x1,None,Nook's Cranny,Available in Nook's Cranny (upgraded only),1.0.0,ToolWateringElephant_Remake_6_0,6_0,8535,cBG6avJmvncbTX56k,tools
elephant watering can,https://acnhcdn.com/latest/FtrIcon/ToolWateringElephant_Remake_7_0.png,Black,Color,No,Yes,1,60,2500,625,None,None,1x1,None,Nook's Cranny,Available in Nook's Cranny (upgraded only),1.0.0,ToolWateringElephant_Remake_7_0,7_0,8535,XphbdnArYGwJp8kmj,tools
fish fishing rod,https://acnhcdn.com/latest/FtrIcon/ToolFishingrodColorful_Remake_0_0.png,Green,Color,No,Yes,1,30,2500,625,None,None,1x1,None,Nook's Cranny,Available in Nook's Cranny (upgraded only),1.0.0,ToolFishingrodColorful_Remake_0_0,0_0,8471,dBNahAnSJkF5q7Wta,tools
fish fishing rod,https://acnhcdn.com/latest/FtrIcon/ToolFishingrodColorful_Remake_1_0.png,Yellow,Color,No,Yes,1,30,2500,625,None,None,1x1,None,Nook's Cranny,Available in Nook's Cranny (upgraded only),1.0.0,ToolFishingrodColorful_Remake_1_0,1_0,8471,ziRQL2REqF652sgkc,tools
fish fishing rod,https://acnhcdn.com/latest/FtrIcon/ToolFishingrodColorful_Remake_2_0.png,Orange,Color,No,Yes,1,30,2500,625,None,None,1x1,None,Nook's Cranny,Available in Nook's Cranny (upgraded only),1.0.0,ToolFishingrodColorful_Remake_2_0,2_0,8471,7id3sXPC6a2qTsM9S,tools
fish fishing rod,https://acnhcdn.com/latest/FtrIcon/ToolFishingrodColorful_Remake_3_0.png,Light blue,Color,No,Yes,1,30,2500,625,None,None,1x1,None,Nook's Cranny,Available in Nook's Cranny (upgraded only),1.0.0,ToolFishingrodColorful_Remake_3_0,3_0,8471,txjiE4Yoi66P59Rpi,tools
fish fishing rod,https://acnhcdn.com/latest/FtrIcon/ToolFishingrodColorful_Remake_4_0.png,Blue,Color,No,Yes,1,30,2500,625,None,None,1x1,None,Nook's Cranny,Available in Nook's Cranny (upgraded only),1.0.0,ToolFishingrodColorful_Remake_4_0,4_0,8471,mQQKH3hfMyn2P4SAT,tools
fish fishing rod,https://acnhcdn.com/latest/FtrIcon/ToolFishingrodColorful_Remake_5_0.png,Purple,Color,No,Yes,1,30,2500,625,None,None,1x1,None,Nook's Cranny,Available in Nook's Cranny (upgraded only),1.0.0,ToolFishingrodColorful_Remake_5_0,5_0,8471,oPumzrhQMfYrdrhfC,tools
fish fishing rod,https://acnhcdn.com/latest/FtrIcon/ToolFishingrodColorful_Remake_6_0.png,Pink,Color,No,Yes,1,30,2500,625,None,None,1x1,None,Nook's Cranny,Available in Nook's Cranny (upgraded only),1.0.0,ToolFishingrodColorful_Remake_6_0,6_0,8471,A44B9ELrDxsrY6HaR,tools
fish fishing rod,https://acnhcdn.com/latest/FtrIcon/ToolFishingrodColorful_Remake_7_0.png,Red,Color,No,Yes,1,30,2500,625,None,None,1x1,None,Nook's Cranny,Available in Nook's Cranny (upgraded only),1.0.0,ToolFishingrodColorful_Remake_7_0,7_0,8471,k6AepGHtwTJhBzxXZ,tools
fish wand,https://acnhcdn.com/latest/FtrIcon/ToolStickFish.png,NA,NA,No,No,NA,Unlimited,NFS,1500,None,None,1x1,None,Fishing Tourney,,1.0.0,ToolStickFish,NA,8770,HrGFzby54HCv326PJ,tools
fishing rod,https://acnhcdn.com/latest/FtrIcon/ToolAngling_Remake_0_0.png,Blue,Color,Yes,Yes,1,30,NFS,600,None,None,1x1,None,Crafting,,1.0.0,ToolAngling_Remake_0_0,0_0,2377,Y62px4Jy5vaMtN46u,tools
fishing rod,https://acnhcdn.com/latest/FtrIcon/ToolAngling_Remake_1_0.png,Yellow,Color,Yes,Yes,1,30,NFS,600,None,None,1x1,None,Crafting,,1.0.0,ToolAngling_Remake_1_0,1_0,2377,JLMypnErvJc6n9wS8,tools
fishing rod,https://acnhcdn.com/latest/FtrIcon/ToolAngling_Remake_2_0.png,Green,Color,Yes,Yes,1,30,NFS,600,None,None,1x1,None,Crafting,,1.0.0,ToolAngling_Remake_2_0,2_0,2377,WTqWoAYMKuJsXjWWv,tools
fishing rod,https://acnhcdn.com/latest/FtrIcon/ToolAngling_Remake_3_0.png,Red,Color,Yes,Yes,1,30,NFS,600,None,None,1x1,None,Crafting,,1.0.0,ToolAngling_Remake_3_0,3_0,2377,SWX3JZeySqWz8PKQi,tools
fishing rod,https://acnhcdn.com/latest/FtrIcon/ToolAngling_Remake_4_0.png,Purple,Color,Yes,Yes,1,30,NFS,600,None,None,1x1,None,Crafting,,1.0.0,ToolAngling_Remake_4_0,4_0,2377,PBLScat4po99B5h4k,tools
fishing rod,https://acnhcdn.com/latest/FtrIcon/ToolAngling_Remake_5_0.png,Pink,Color,Yes,Yes,1,30,NFS,600,None,None,1x1,None,Crafting,,1.0.0,ToolAngling_Remake_5_0,5_0,2377,9bT9ZRhRG3e3WA8Bn,tools
fishing rod,https://acnhcdn.com/latest/FtrIcon/ToolAngling_Remake_6_0.png,White,Color,Yes,Yes,1,30,NFS,600,None,None,1x1,None,Crafting,,1.0.0,ToolAngling_Remake_6_0,6_0,2377,G58mfRs22f48nF9QA,tools
fishing rod,https://acnhcdn.com/latest/FtrIcon/ToolAngling_Remake_7_0.png,Black,Color,Yes,Yes,1,30,NFS,600,None,None,1x1,None,Crafting,,1.0.0,ToolAngling_Remake_7_0,7_0,2377,bgrXEg4NvgPjudWar,tools
flimsy axe,https://acnhcdn.com/latest/FtrIcon/ToolAxeStone.png,NA,NA,Yes,No,NA,40,800,200,None,None,1x1,None,Nook's Cranny; Crafting,Available after unlocking the axe in the story,1.0.0,ToolAxeStone,NA,3068,L79jandXPjEAoQScd,tools
flimsy fishing rod,https://acnhcdn.com/latest/FtrIcon/ToolFishingrodWood.png,NA,NA,Yes,No,NA,9.5,NFS,100,None,None,1x1,None,Nook's Cranny; Crafting,"Available in all tiers of shops, including Timmy & Tommy before the shop is opened",1.0.0,ToolFishingrodWood,NA,3084,qtA9zfSRuaCkmmQXr,tools
flimsy net,https://acnhcdn.com/latest/FtrIcon/ToolNet.png,NA,NA,Yes,No,NA,10,NFS,100,None,None,1x1,None,Nook's Cranny; Crafting,"Available in all tiers of shops, including Timmy & Tommy before the shop is opened",1.0.0,ToolNet,NA,2376,PHe3aaN2nsXFcQXxN,tools
flimsy shovel,https://acnhcdn.com/latest/FtrIcon/ToolShovelWood.png,NA,NA,Yes,No,NA,40,800,200,None,None,1x1,None,Nook's Cranny; Crafting,Available after unlocking the shovel in the story,1.0.0,ToolShovelWood,NA,3082,PnLgMCQ34R3HxWqcT,tools
flimsy watering can,https://acnhcdn.com/latest/FtrIcon/ToolWateringWood.png,NA,NA,Yes,No,NA,20,800,200,None,None,1x1,None,Nook's Cranny; Crafting,"Available in all tiers of shops, including Timmy & Tommy before the shop is opened",1.0.0,ToolWateringWood,NA,3083,BdRyC6atcvz3KJnnM,tools
golden axe,https://acnhcdn.com/latest/FtrIcon/ToolAxeGold.png,NA,NA,Yes,No,NA,200,NFS,10655,None,None,1x1,None,Crafting,,1.0.0,ToolAxeGold,NA,9617,eX9RXzQHaaZX89zoN,tools
golden net,https://acnhcdn.com/latest/FtrIcon/ToolNetGold.png,NA,NA,Yes,No,NA,90,NFS,10400,None,None,1x1,None,Crafting,,1.0.0,ToolNetGold,NA,8179,aKMTWuywGTuorriEg,tools
golden rod,https://acnhcdn.com/latest/FtrIcon/ToolFishingrodGold.png,NA,NA,Yes,No,NA,90,NFS,10400,None,None,1x1,None,Crafting,,1.0.0,ToolFishingrodGold,NA,8660,Tt5YeqejtuW3T7Cbq,tools
golden shovel,https://acnhcdn.com/latest/FtrIcon/ToolScoopGold.png,NA,NA,Yes,No,NA,200,NFS,10675,None,None,1x1,None,Crafting,,1.0.0,ToolScoopGold,NA,8574,EMzMphvPgdhguM4Ku,tools
golden slingshot,https://acnhcdn.com/latest/FtrIcon/ToolSlingshotGold.png,NA,NA,Yes,No,NA,60,NFS,10300,None,None,1x1,None,Crafting,,1.0.0,ToolSlingshotGold,NA,8578,tx3MMcGrZPHeyoLeY,tools
golden wand,https://acnhcdn.com/latest/FtrIcon/ToolStickGolden.png,NA,NA,Yes,No,NA,Unlimited,NFS,20750,None,None,1x1,None,Crafting,,1.0.0,ToolStickGolden,NA,7591,fdDGHvQBc5AhtExnt,tools
golden watering can,https://acnhcdn.com/latest/FtrIcon/ToolWateringGold.png,NA,NA,Yes,No,NA,180,NFS,10675,None,None,1x1,None,Crafting,,1.0.0,ToolWateringGold,NA,8533,bzEwTDjTeK4gKSsZa,tools
hyacinth wand,https://acnhcdn.com/latest/FtrIcon/ToolStickHyacinth.png,NA,NA,Yes,No,NA,Unlimited,NFS,1660,None,None,1x1,None,Crafting,,1.0.0,ToolStickHyacinth,NA,5083,aBPEFn5NehSoQ428E,tools
ice wand,https://acnhcdn.com/latest/FtrIcon/ToolStickSnow.png,NA,NA,Yes,No,NA,Unlimited,NFS,6500,None,None,1x1,None,Crafting,,1.0.0,ToolStickSnow,NA,7585,pQCDsY6gvHXL2SAff,tools
iron wand,https://acnhcdn.com/latest/FtrIcon/ToolStickIron.png,NA,NA,Yes,No,NA,Unlimited,NFS,3750,None,None,1x1,None,Crafting,,1.0.0,ToolStickIron,NA,7592,5JC2q7xYFFCBhX2mS,tools
ladder,https://acnhcdn.com/latest/FtrIcon/ToolLadder.png,NA,NA,Yes,No,NA,Unlimited,NFS,1440,None,None,1x1,None,Crafting,,1.0.0,ToolLadder,NA,2615,TxFCim9KyNE7edcXH,tools
light stick,https://acnhcdn.com/latest/FtrIcon/ToolSticklight.png,NA,NA,No,No,NA,Unlimited,1500,375,None,None,1x1,None,Isabelle,Obtained by speaking to Isabelle on New Year's Eve,1.0.0,ToolSticklight,NA,5741,9HpdmfZcEfuXtR8ey,tools
lily wand,https://acnhcdn.com/latest/FtrIcon/ToolStickYuri.png,NA,NA,Yes,No,NA,Unlimited,NFS,1580,None,None,1x1,None,Crafting,,1.0.0,ToolStickYuri,NA,5094,rX7Dget4dZzprkSY4,tools
mums wand,https://acnhcdn.com/latest/FtrIcon/ToolStickChrysanthemum.png,NA,NA,Yes,No,NA,Unlimited,NFS,1580,None,None,1x1,None,Crafting,,1.0.0,ToolStickChrysanthemum,NA,5095,9sd3YGxf9jmuGBrGw,tools
mushroom wand,https://acnhcdn.com/latest/FtrIcon/ToolStickMushroom_Remake_0_0.png,Ordinary mushroom,Mushroom type,Yes,Yes,1,Unlimited,NFS,3300,None,None,1x1,None,Crafting,,1.0.0,ToolStickMushroom_Remake_0_0,0_0,7588,6PLR84qz4JifgtLmh,tools
mushroom wand,https://acnhcdn.com/latest/FtrIcon/ToolStickMushroom_Remake_1_0.png,White mushroom,Mushroom type,Yes,Yes,1,Unlimited,NFS,3300,None,None,1x1,None,Crafting,,1.0.0,ToolStickMushroom_Remake_1_0,1_0,7588,T898uqxxT6AXuXyBt,tools
mushroom wand,https://acnhcdn.com/latest/FtrIcon/ToolStickMushroom_Remake_2_0.png,Strange mushroom,Mushroom type,Yes,Yes,1,Unlimited,NFS,3300,None,None,1x1,None,Crafting,,1.0.0,ToolStickMushroom_Remake_2_0,2_0,7588,rcjxuvmyCPyTjbbwm,tools
mushroom wand,https://acnhcdn.com/latest/FtrIcon/ToolStickMushroom_Remake_3_0.png,Red mushroom,Mushroom type,Yes,Yes,1,Unlimited,NFS,3300,None,None,1x1,None,Crafting,,1.0.0,ToolStickMushroom_Remake_3_0,3_0,7588,nN6uiNEshKx8sYwKE,tools
mushroom wand,https://acnhcdn.com/latest/FtrIcon/ToolStickMushroom_Remake_4_0.png,Yellow mushroom,Mushroom type,Yes,Yes,1,Unlimited,NFS,3300,None,None,1x1,None,Crafting,,1.0.0,ToolStickMushroom_Remake_4_0,4_0,7588,Dtm7dJLAERgpCpGXv,tools
net,https://acnhcdn.com/latest/FtrIcon/ToolNetNormal_Remake_0_0.png,Red,Color,Yes,Yes,1,20,900,225,None,None,1x1,None,"Nook's Cranny
Crafting","Available in all tiers of shops, including Timmy & Tommy before the shop is opened",1.0.0,ToolNetNormal_Remake_0_0,0_0,5784,HH8tKPMbt8DQpSrMS,tools
net,https://acnhcdn.com/latest/FtrIcon/ToolNetNormal_Remake_1_0.png,Yellow,Color,Yes,Yes,1,20,900,225,None,None,1x1,None,"Nook's Cranny
Crafting","Available in all tiers of shops, including Timmy & Tommy before the shop is opened",1.0.0,ToolNetNormal_Remake_1_0,1_0,5784,YiRCkQXgKaLKf8D6p,tools
net,https://acnhcdn.com/latest/FtrIcon/ToolNetNormal_Remake_2_0.png,Green,Color,Yes,Yes,1,20,900,225,None,None,1x1,None,"Nook's Cranny
Crafting","Available in all tiers of shops, including Timmy & Tommy before the shop is opened",1.0.0,ToolNetNormal_Remake_2_0,2_0,5784,X3x4tGwZiYnM5SRZv,tools
net,https://acnhcdn.com/latest/FtrIcon/ToolNetNormal_Remake_3_0.png,Blue,Color,Yes,Yes,1,20,900,225,None,None,1x1,None,"Nook's Cranny
Crafting","Available in all tiers of shops, including Timmy & Tommy before the shop is opened",1.0.0,ToolNetNormal_Remake_3_0,3_0,5784,WtArd6h6MFQ8sjwEt,tools
net,https://acnhcdn.com/latest/FtrIcon/ToolNetNormal_Remake_4_0.png,Purple,Color,Yes,Yes,1,20,900,225,None,None,1x1,None,"Nook's Cranny
Crafting","Available in all tiers of shops, including Timmy & Tommy before the shop is opened",1.0.0,ToolNetNormal_Remake_4_0,4_0,5784,b8L8wbutCQEQjAzwD,tools
net,https://acnhcdn.com/latest/FtrIcon/ToolNetNormal_Remake_5_0.png,Pink,Color,Yes,Yes,1,20,900,225,None,None,1x1,None,"Nook's Cranny
Crafting","Available in all tiers of shops, including Timmy & Tommy before the shop is opened",1.0.0,ToolNetNormal_Remake_5_0,5_0,5784,8Khqvy2vpnJkpKLET,tools
net,https://acnhcdn.com/latest/FtrIcon/ToolNetNormal_Remake_6_0.png,White,Color,Yes,Yes,1,20,900,225,None,None,1x1,None,"Nook's Cranny
Crafting","Available in all tiers of shops, including Timmy & Tommy before the shop is opened",1.0.0,ToolNetNormal_Remake_6_0,6_0,5784,yNCid2KGDGFSz2W7L,tools
net,https://acnhcdn.com/latest/FtrIcon/ToolNetNormal_Remake_7_0.png,Black,Color,Yes,Yes,1,20,900,225,None,None,1x1,None,"Nook's Cranny
Crafting","Available in all tiers of shops, including Timmy & Tommy before the shop is opened",1.0.0,ToolNetNormal_Remake_7_0,7_0,5784,pFaH2eF4JpK3roNtQ,tools
Nook Inc. uchiwa fan,https://acnhcdn.com/latest/FtrIcon/ToolFanNook0.png,NA,NA,No,No,NA,Unlimited,8000,2000,Green,White,1x1,None,Nook Miles Shop,,1.0.0,ToolFanNook0,NA,9762,Qwfx3obKdwCDKr4WG,tools
ocarina,https://acnhcdn.com/latest/FtrIcon/ToolOcarina.png,NA,NA,Yes,No,NA,Unlimited,NFS,1000,None,None,1x1,None,Crafting,,1.0.0,ToolOcarina,NA,5320,xN5tB3m4aXnm94RLL,tools
outdoorsy fishing rod,https://acnhcdn.com/latest/FtrIcon/ToolFishingrodOutdoor_Remake_0_0.png,Avocado,Color,No,Yes,1,30,2500,625,None,None,1x1,Outdoor Tools,Nook's Cranny,Available in Nook's Cranny (upgraded only),1.0.0,ToolFishingrodOutdoor_Remake_0_0,0_0,8473,bvYTHd7dbDC9ZijAd,tools
outdoorsy fishing rod,https://acnhcdn.com/latest/FtrIcon/ToolFishingrodOutdoor_Remake_1_0.png,Orange,Color,No,Yes,1,30,2500,625,None,None,1x1,Outdoor Tools,Nook's Cranny,Available in Nook's Cranny (upgraded only),1.0.0,ToolFishingrodOutdoor_Remake_1_0,1_0,8473,bMdHGfZQu6846Somm,tools
outdoorsy fishing rod,https://acnhcdn.com/latest/FtrIcon/ToolFishingrodOutdoor_Remake_2_0.png,Light blue,Color,No,Yes,1,30,2500,625,None,None,1x1,Outdoor Tools,Nook's Cranny,Available in Nook's Cranny (upgraded only),1.0.0,ToolFishingrodOutdoor_Remake_2_0,2_0,8473,3Ne39o36LkhGc9rGk,tools
outdoorsy fishing rod,https://acnhcdn.com/latest/FtrIcon/ToolFishingrodOutdoor_Remake_3_0.png,Red,Color,No,Yes,1,30,2500,625,None,None,1x1,Outdoor Tools,Nook's Cranny,Available in Nook's Cranny (upgraded only),1.0.0,ToolFishingrodOutdoor_Remake_3_0,3_0,8473,BJAg7c5HmD6LncCCj,tools
outdoorsy fishing rod,https://acnhcdn.com/latest/FtrIcon/ToolFishingrodOutdoor_Remake_4_0.png,Beige,Color,No,Yes,1,30,2500,625,None,None,1x1,Outdoor Tools,Nook's Cranny,Available in Nook's Cranny (upgraded only),1.0.0,ToolFishingrodOutdoor_Remake_4_0,4_0,8473,DZwxGwf6DY8ucEKwP,tools
outdoorsy fishing rod,https://acnhcdn.com/latest/FtrIcon/ToolFishingrodOutdoor_Remake_5_0.png,Pink,Color,No,Yes,1,30,2500,625,None,None,1x1,Outdoor Tools,Nook's Cranny,Available in Nook's Cranny (upgraded only),1.0.0,ToolFishingrodOutdoor_Remake_5_0,5_0,8473,sGPYWwozfBgoi62fk,tools
outdoorsy fishing rod,https://acnhcdn.com/latest/FtrIcon/ToolFishingrodOutdoor_Remake_6_0.png,Yellow,Color,No,Yes,1,30,2500,625,None,None,1x1,Outdoor Tools,Nook's Cranny,Available in Nook's Cranny (upgraded only),1.0.0,ToolFishingrodOutdoor_Remake_6_0,6_0,8473,3M7FJL2qfL5iAZvxn,tools
outdoorsy fishing rod,https://acnhcdn.com/latest/FtrIcon/ToolFishingrodOutdoor_Remake_7_0.png,Black,Color,No,Yes,1,30,2500,625,None,None,1x1,Outdoor Tools,Nook's Cranny,Available in Nook's Cranny (upgraded only),1.0.0,ToolFishingrodOutdoor_Remake_7_0,7_0,8473,JdGkE9Mf9mXN3jXj5,tools
outdoorsy net,https://acnhcdn.com/latest/FtrIcon/ToolNetOutdoor_Remake_0_0.png,Avocado,Color,No,Yes,1,30,2500,625,None,None,1x1,Outdoor Tools,Nook's Cranny,Available in Nook's Cranny (upgraded only),1.0.0,ToolNetOutdoor_Remake_0_0,0_0,8178,v8G8jriZ3R47Y5CTA,tools
outdoorsy net,https://acnhcdn.com/latest/FtrIcon/ToolNetOutdoor_Remake_1_0.png,Orange,Color,No,Yes,1,30,2500,625,None,None,1x1,Outdoor Tools,Nook's Cranny,Available in Nook's Cranny (upgraded only),1.0.0,ToolNetOutdoor_Remake_1_0,1_0,8178,SeeobMqj2fMCHFRR5,tools
outdoorsy net,https://acnhcdn.com/latest/FtrIcon/ToolNetOutdoor_Remake_2_0.png,Light blue,Color,No,Yes,1,30,2500,625,None,None,1x1,Outdoor Tools,Nook's Cranny,Available in Nook's Cranny (upgraded only),1.0.0,ToolNetOutdoor_Remake_2_0,2_0,8178,dDuDFS3Q87rSEvYGA,tools
outdoorsy net,https://acnhcdn.com/latest/FtrIcon/ToolNetOutdoor_Remake_3_0.png,Red,Color,No,Yes,1,30,2500,625,None,None,1x1,Outdoor Tools,Nook's Cranny,Available in Nook's Cranny (upgraded only),1.0.0,ToolNetOutdoor_Remake_3_0,3_0,8178,bhFAvdtCDNFuaL7tp,tools
outdoorsy net,https://acnhcdn.com/latest/FtrIcon/ToolNetOutdoor_Remake_4_0.png,Beige,Color,No,Yes,1,30,2500,625,None,None,1x1,Outdoor Tools,Nook's Cranny,Available in Nook's Cranny (upgraded only),1.0.0,ToolNetOutdoor_Remake_4_0,4_0,8178,cdXFG76YRzMhcBKvE,tools
outdoorsy net,https://acnhcdn.com/latest/FtrIcon/ToolNetOutdoor_Remake_5_0.png,Pink,Color,No,Yes,1,30,2500,625,None,None,1x1,Outdoor Tools,Nook's Cranny,Available in Nook's Cranny (upgraded only),1.0.0,ToolNetOutdoor_Remake_5_0,5_0,8178,mRjtY48TEQkJaiYqv,tools
outdoorsy net,https://acnhcdn.com/latest/FtrIcon/ToolNetOutdoor_Remake_6_0.png,Yellow,Color,No,Yes,1,30,2500,625,None,None,1x1,Outdoor Tools,Nook's Cranny,Available in Nook's Cranny (upgraded only),1.0.0,ToolNetOutdoor_Remake_6_0,6_0,8178,qJWCYusFziCAZowwo,tools
outdoorsy net,https://acnhcdn.com/latest/FtrIcon/ToolNetOutdoor_Remake_7_0.png,Black,Color,No,Yes,1,30,2500,625,None,None,1x1,Outdoor Tools,Nook's Cranny,Available in Nook's Cranny (upgraded only),1.0.0,ToolNetOutdoor_Remake_7_0,7_0,8178,v4vzaPQkSf4PHpjnC,tools
outdoorsy shovel,https://acnhcdn.com/latest/FtrIcon/ToolScoopOutdoor_Remake_0_0.png,Avocado,Color,No,Yes,1,100,2500,625,None,None,1x1,Outdoor Tools,Nook's Cranny,Available in Nook's Cranny (upgraded only),1.0.0,ToolScoopOutdoor_Remake_0_0,0_0,8575,Je4oQvJHrridANtwW,tools
outdoorsy shovel,https://acnhcdn.com/latest/FtrIcon/ToolScoopOutdoor_Remake_1_0.png,Orange,Color,No,Yes,1,100,2500,625,None,None,1x1,Outdoor Tools,Nook's Cranny,Available in Nook's Cranny (upgraded only),1.0.0,ToolScoopOutdoor_Remake_1_0,1_0,8575,Qkuxh7aBzEEcgXX3g,tools
outdoorsy shovel,https://acnhcdn.com/latest/FtrIcon/ToolScoopOutdoor_Remake_2_0.png,Light blue,Color,No,Yes,1,100,2500,625,None,None,1x1,Outdoor Tools,Nook's Cranny,Available in Nook's Cranny (upgraded only),1.0.0,ToolScoopOutdoor_Remake_2_0,2_0,8575,PhHgvEkW3oiFvhWuk,tools
outdoorsy shovel,https://acnhcdn.com/latest/FtrIcon/ToolScoopOutdoor_Remake_3_0.png,Red,Color,No,Yes,1,100,2500,625,None,None,1x1,Outdoor Tools,Nook's Cranny,Available in Nook's Cranny (upgraded only),1.0.0,ToolScoopOutdoor_Remake_3_0,3_0,8575,6cvhBz44Z4BAxt8AX,tools
outdoorsy shovel,https://acnhcdn.com/latest/FtrIcon/ToolScoopOutdoor_Remake_4_0.png,Beige,Color,No,Yes,1,100,2500,625,None,None,1x1,Outdoor Tools,Nook's Cranny,Available in Nook's Cranny (upgraded only),1.0.0,ToolScoopOutdoor_Remake_4_0,4_0,8575,R2WDYoFbBG2hWfFtf,tools
outdoorsy shovel,https://acnhcdn.com/latest/FtrIcon/ToolScoopOutdoor_Remake_5_0.png,Pink,Color,No,Yes,1,100,2500,625,None,None,1x1,Outdoor Tools,Nook's Cranny,Available in Nook's Cranny (upgraded only),1.0.0,ToolScoopOutdoor_Remake_5_0,5_0,8575,RKjgnpJYtFKZgKDRk,tools
outdoorsy shovel,https://acnhcdn.com/latest/FtrIcon/ToolScoopOutdoor_Remake_6_0.png,Yellow,Color,No,Yes,1,100,2500,625,None,None,1x1,Outdoor Tools,Nook's Cranny,Available in Nook's Cranny (upgraded only),1.0.0,ToolScoopOutdoor_Remake_6_0,6_0,8575,ccQGhqapinP7FiXPJ,tools
outdoorsy shovel,https://acnhcdn.com/latest/FtrIcon/ToolScoopOutdoor_Remake_7_0.png,Black,Color,No,Yes,1,100,2500,625,None,None,1x1,Outdoor Tools,Nook's Cranny,Available in Nook's Cranny (upgraded only),1.0.0,ToolScoopOutdoor_Remake_7_0,7_0,8575,e8xYribiE3L9zbeNz,tools
outdoorsy slingshot,https://acnhcdn.com/latest/FtrIcon/ToolSlingshotOutdoor_Remake_0_0.png,Avocado,Color,No,Yes,1,20,2500,625,None,None,1x1,Outdoor Tools,Nook's Cranny,Available in Nook's Cranny (upgraded only),1.0.0,ToolSlingshotOutdoor_Remake_0_0,0_0,8579,qJkGDgJtD9cQye8oD,tools
outdoorsy slingshot,https://acnhcdn.com/latest/FtrIcon/ToolSlingshotOutdoor_Remake_1_0.png,Orange,Color,No,Yes,1,20,2500,625,None,None,1x1,Outdoor Tools,Nook's Cranny,Available in Nook's Cranny (upgraded only),1.0.0,ToolSlingshotOutdoor_Remake_1_0,1_0,8579,AGkd53Dzoh7p5R5ef,tools
outdoorsy slingshot,https://acnhcdn.com/latest/FtrIcon/ToolSlingshotOutdoor_Remake_2_0.png,Light blue,Color,No,Yes,1,20,2500,625,None,None,1x1,Outdoor Tools,Nook's Cranny,Available in Nook's Cranny (upgraded only),1.0.0,ToolSlingshotOutdoor_Remake_2_0,2_0,8579,coBFkGLRCML7SdfZb,tools
outdoorsy slingshot,https://acnhcdn.com/latest/FtrIcon/ToolSlingshotOutdoor_Remake_3_0.png,Red,Color,No,Yes,1,20,2500,625,None,None,1x1,Outdoor Tools,Nook's Cranny,Available in Nook's Cranny (upgraded only),1.0.0,ToolSlingshotOutdoor_Remake_3_0,3_0,8579,ekLvFR39DuH4SdSgB,tools
outdoorsy slingshot,https://acnhcdn.com/latest/FtrIcon/ToolSlingshotOutdoor_Remake_4_0.png,Beige,Color,No,Yes,1,20,2500,625,None,None,1x1,Outdoor Tools,Nook's Cranny,Available in Nook's Cranny (upgraded only),1.0.0,ToolSlingshotOutdoor_Remake_4_0,4_0,8579,mLqZThcPR7oSdGETt,tools
outdoorsy slingshot,https://acnhcdn.com/latest/FtrIcon/ToolSlingshotOutdoor_Remake_5_0.png,Pink,Color,No,Yes,1,20,2500,625,None,None,1x1,Outdoor Tools,Nook's Cranny,Available in Nook's Cranny (upgraded only),1.0.0,ToolSlingshotOutdoor_Remake_5_0,5_0,8579,4QBCHA5pzb8Hapo7g,tools
outdoorsy slingshot,https://acnhcdn.com/latest/FtrIcon/ToolSlingshotOutdoor_Remake_6_0.png,Yellow,Color,No,Yes,1,20,2500,625,None,None,1x1,Outdoor Tools,Nook's Cranny,Available in Nook's Cranny (upgraded only),1.0.0,ToolSlingshotOutdoor_Remake_6_0,6_0,8579,FDEpHpn9wAoHmzq6S,tools
outdoorsy slingshot,https://acnhcdn.com/latest/FtrIcon/ToolSlingshotOutdoor_Remake_7_0.png,Black,Color,No,Yes,1,20,2500,625,None,None,1x1,Outdoor Tools,Nook's Cranny,Available in Nook's Cranny (upgraded only),1.0.0,ToolSlingshotOutdoor_Remake_7_0,7_0,8579,d2BxLmN5fFdSTsXvP,tools
outdoorsy watering can,https://acnhcdn.com/latest/FtrIcon/ToolWateringOutdoor_Remake_0_0.png,Avocado,Color,No,Yes,1,60,2500,625,None,None,1x1,Outdoor Tools,Nook's Cranny,Available in Nook's Cranny (upgraded only),1.0.0,ToolWateringOutdoor_Remake_0_0,0_0,8536,QSmseNnk3WqSmSFH8,tools
outdoorsy watering can,https://acnhcdn.com/latest/FtrIcon/ToolWateringOutdoor_Remake_1_0.png,Orange,Color,No,Yes,1,60,2500,625,None,None,1x1,Outdoor Tools,Nook's Cranny,Available in Nook's Cranny (upgraded only),1.0.0,ToolWateringOutdoor_Remake_1_0,1_0,8536,SrmzprzDgkRoPoGcN,tools
outdoorsy watering can,https://acnhcdn.com/latest/FtrIcon/ToolWateringOutdoor_Remake_2_0.png,Light blue,Color,No,Yes,1,60,2500,625,None,None,1x1,Outdoor Tools,Nook's Cranny,Available in Nook's Cranny (upgraded only),1.0.0,ToolWateringOutdoor_Remake_2_0,2_0,8536,PRfaCyGvx3hieqpKh,tools
outdoorsy watering can,https://acnhcdn.com/latest/FtrIcon/ToolWateringOutdoor_Remake_3_0.png,Red,Color,No,Yes,1,60,2500,625,None,None,1x1,Outdoor Tools,Nook's Cranny,Available in Nook's Cranny (upgraded only),1.0.0,ToolWateringOutdoor_Remake_3_0,3_0,8536,AvLJNwY9w5fSpT47f,tools
outdoorsy watering can,https://acnhcdn.com/latest/FtrIcon/ToolWateringOutdoor_Remake_4_0.png,Beige,Color,No,Yes,1,60,2500,625,None,None,1x1,Outdoor Tools,Nook's Cranny,Available in Nook's Cranny (upgraded only),1.0.0,ToolWateringOutdoor_Remake_4_0,4_0,8536,o2Zd58pLWuNfHSRoz,tools
outdoorsy watering can,https://acnhcdn.com/latest/FtrIcon/ToolWateringOutdoor_Remake_5_0.png,Pink,Color,No,Yes,1,60,2500,625,None,None,1x1,Outdoor Tools,Nook's Cranny,Available in Nook's Cranny (upgraded only),1.0.0,ToolWateringOutdoor_Remake_5_0,5_0,8536,6GRguzWiwsicHTun6,tools
outdoorsy watering can,https://acnhcdn.com/latest/FtrIcon/ToolWateringOutdoor_Remake_6_0.png,Yellow,Color,No,Yes,1,60,2500,625,None,None,1x1,Outdoor Tools,Nook's Cranny,Available in Nook's Cranny (upgraded only),1.0.0,ToolWateringOutdoor_Remake_6_0,6_0,8536,iyppHKcwic4M3Mb9N,tools
outdoorsy watering can,https://acnhcdn.com/latest/FtrIcon/ToolWateringOutdoor_Remake_7_0.png,Black,Color,No,Yes,1,60,2500,625,None,None,1x1,Outdoor Tools,Nook's Cranny,Available in Nook's Cranny (upgraded only),1.0.0,ToolWateringOutdoor_Remake_7_0,7_0,8536,vWuJ6J7YaPtB7vE88,tools
pan flute,https://acnhcdn.com/latest/FtrIcon/ToolPanpipe.png,NA,NA,Yes,No,NA,Unlimited,NFS,2800,None,None,1x1,None,Crafting,Spring seasonal DIY using bamboo (from bamboo trees),1.0.0,ToolPanpipe,NA,5517,7LjdexM2bmrbxDaCG,tools
pansy wand,https://acnhcdn.com/latest/FtrIcon/ToolStickPansy.png,NA,NA,Yes,No,NA,Unlimited,NFS,1580,None,None,1x1,None,Crafting,,1.0.0,ToolStickPansy,NA,5091,kPAMdHZaM8oHFjjyg,tools
party popper,https://acnhcdn.com/latest/FtrIcon/ToolCracker.png,NA,NA,No,No,NA,1,100,25,None,None,1x1,None,Nook's Cranny,Only available close to new year holiday,1.0.0,ToolCracker,NA,2753,Wo8iqf7JZZ7egzmLf,tools
printed-design shovel,https://acnhcdn.com/latest/FtrIcon/ToolScoopPattern_Remake_0_0.png,Light blue,Color,No,Yes,1,100,2500,625,None,None,1x1,None,Nook's Cranny,Available in Nook's Cranny (upgraded only),1.0.0,ToolScoopPattern_Remake_0_0,0_0,8576,nQuRoWnfXx8BPFTmA,tools
printed-design shovel,https://acnhcdn.com/latest/FtrIcon/ToolScoopPattern_Remake_1_0.png,White,Color,No,Yes,1,100,2500,625,None,None,1x1,None,Nook's Cranny,Available in Nook's Cranny (upgraded only),1.0.0,ToolScoopPattern_Remake_1_0,1_0,8576,uayKLmvAsj6EHGnJW,tools
printed-design shovel,https://acnhcdn.com/latest/FtrIcon/ToolScoopPattern_Remake_2_0.png,Yellow,Color,No,Yes,1,100,2500,625,None,None,1x1,None,Nook's Cranny,Available in Nook's Cranny (upgraded only),1.0.0,ToolScoopPattern_Remake_2_0,2_0,8576,Aa39b233u5kL2BZ5M,tools
printed-design shovel,https://acnhcdn.com/latest/FtrIcon/ToolScoopPattern_Remake_3_0.png,Pink,Color,No,Yes,1,100,2500,625,None,None,1x1,None,Nook's Cranny,Available in Nook's Cranny (upgraded only),1.0.0,ToolScoopPattern_Remake_3_0,3_0,8576,jBDbWkxf2bC4Q7FXw,tools
printed-design shovel,https://acnhcdn.com/latest/FtrIcon/ToolScoopPattern_Remake_4_0.png,Green,Color,No,Yes,1,100,2500,625,None,None,1x1,None,Nook's Cranny,Available in Nook's Cranny (upgraded only),1.0.0,ToolScoopPattern_Remake_4_0,4_0,8576,8p4An2z69STF7vEXo,tools
printed-design shovel,https://acnhcdn.com/latest/FtrIcon/ToolScoopPattern_Remake_5_0.png,Blue,Color,No,Yes,1,100,2500,625,None,None,1x1,None,Nook's Cranny,Available in Nook's Cranny (upgraded only),1.0.0,ToolScoopPattern_Remake_5_0,5_0,8576,6T8xrvDKPvnmAgoAm,tools
printed-design shovel,https://acnhcdn.com/latest/FtrIcon/ToolScoopPattern_Remake_6_0.png,Purple,Color,No,Yes,1,100,2500,625,None,None,1x1,None,Nook's Cranny,Available in Nook's Cranny (upgraded only),1.0.0,ToolScoopPattern_Remake_6_0,6_0,8576,uYrRaXdBb23RrpGNc,tools
printed-design shovel,https://acnhcdn.com/latest/FtrIcon/ToolScoopPattern_Remake_7_0.png,Black,Color,No,Yes,1,100,2500,625,None,None,1x1,None,Nook's Cranny,Available in Nook's Cranny (upgraded only),1.0.0,ToolScoopPattern_Remake_7_0,7_0,8576,mwWibomJ7C9h9diZ3,tools
rose wand,https://acnhcdn.com/latest/FtrIcon/ToolStickRose.png,NA,NA,Yes,No,NA,Unlimited,NFS,1580,None,None,1x1,None,Crafting,,1.0.0,ToolStickRose,NA,5093,RB9jk9eLFLJdokFjG,tools
shell wand,https://acnhcdn.com/latest/FtrIcon/ToolStickShell.png,NA,NA,Yes,No,NA,Unlimited,NFS,5100,None,None,1x1,None,Crafting,,1.0.0,ToolStickShell,NA,7586,EsdC3wFYpzqXB7RRi,tools
shovel,https://acnhcdn.com/latest/FtrIcon/ToolScoop_Remake_0_0.png,Red,Color,Yes,Yes,1,100,2400,600,None,None,1x1,None,Crafting,,1.0.0,ToolScoop_Remake_0_0,0_0,2099,B6ejTnMqrR65wXv5z,tools
shovel,https://acnhcdn.com/latest/FtrIcon/ToolScoop_Remake_1_0.png,Yellow,Color,Yes,Yes,1,100,2400,600,None,None,1x1,None,Crafting,,1.0.0,ToolScoop_Remake_1_0,1_0,2099,6sKHnKeEuPcLpjEF3,tools
shovel,https://acnhcdn.com/latest/FtrIcon/ToolScoop_Remake_2_0.png,Green,Color,Yes,Yes,1,100,2400,600,None,None,1x1,None,Crafting,,1.0.0,ToolScoop_Remake_2_0,2_0,2099,SSzNaAfdGfnFoL8Qq,tools
shovel,https://acnhcdn.com/latest/FtrIcon/ToolScoop_Remake_3_0.png,Blue,Color,Yes,Yes,1,100,2400,600,None,None,1x1,None,Crafting,,1.0.0,ToolScoop_Remake_3_0,3_0,2099,qiAf2KCaX5Xr57bXb,tools
shovel,https://acnhcdn.com/latest/FtrIcon/ToolScoop_Remake_4_0.png,Purple,Color,Yes,Yes,1,100,2400,600,None,None,1x1,None,Crafting,,1.0.0,ToolScoop_Remake_4_0,4_0,2099,bbbeRassLbyY8HCP3,tools
shovel,https://acnhcdn.com/latest/FtrIcon/ToolScoop_Remake_5_0.png,Pink,Color,Yes,Yes,1,100,2400,600,None,None,1x1,None,Crafting,,1.0.0,ToolScoop_Remake_5_0,5_0,2099,CZoPP24ecNvDxdNfY,tools
shovel,https://acnhcdn.com/latest/FtrIcon/ToolScoop_Remake_6_0.png,White,Color,Yes,Yes,1,100,2400,600,None,None,1x1,None,Crafting,,1.0.0,ToolScoop_Remake_6_0,6_0,2099,JLemP4xchhzB2BmLk,tools
shovel,https://acnhcdn.com/latest/FtrIcon/ToolScoop_Remake_7_0.png,Black,Color,Yes,Yes,1,100,2400,600,None,None,1x1,None,Crafting,,1.0.0,ToolScoop_Remake_7_0,7_0,2099,egJGqooiodvdWtv6Y,tools
slingshot,https://acnhcdn.com/latest/FtrIcon/ToolSlingshot_Remake_0_0.png,Red,Color,Yes,Yes,1,20,900,225,None,None,1x1,None,"Nook's Cranny
Crafting","Available in all tiers of shops, including Timmy & Tommy before the shop is opened",1.0.0,ToolSlingshot_Remake_0_0,0_0,2822,kgAEBkWjeZrdvZLwC,tools
slingshot,https://acnhcdn.com/latest/FtrIcon/ToolSlingshot_Remake_1_0.png,Yellow,Color,Yes,Yes,1,20,900,225,None,None,1x1,None,"Nook's Cranny
Crafting","Available in all tiers of shops, including Timmy & Tommy before the shop is opened",1.0.0,ToolSlingshot_Remake_1_0,1_0,2822,aoeJ6gnZq7Cz9MH58,tools
slingshot,https://acnhcdn.com/latest/FtrIcon/ToolSlingshot_Remake_2_0.png,Green,Color,Yes,Yes,1,20,900,225,None,None,1x1,None,"Nook's Cranny
Crafting","Available in all tiers of shops, including Timmy & Tommy before the shop is opened",1.0.0,ToolSlingshot_Remake_2_0,2_0,2822,prpgd3XrcJHJZybaD,tools
slingshot,https://acnhcdn.com/latest/FtrIcon/ToolSlingshot_Remake_3_0.png,Blue,Color,Yes,Yes,1,20,900,225,None,None,1x1,None,"Nook's Cranny
Crafting","Available in all tiers of shops, including Timmy & Tommy before the shop is opened",1.0.0,ToolSlingshot_Remake_3_0,3_0,2822,bHrn2thixWf3tPgQB,tools
slingshot,https://acnhcdn.com/latest/FtrIcon/ToolSlingshot_Remake_4_0.png,Purple,Color,Yes,Yes,1,20,900,225,None,None,1x1,None,"Nook's Cranny
Crafting","Available in all tiers of shops, including Timmy & Tommy before the shop is opened",1.0.0,ToolSlingshot_Remake_4_0,4_0,2822,o2z73jZqDyg3Bwjtq,tools
slingshot,https://acnhcdn.com/latest/FtrIcon/ToolSlingshot_Remake_5_0.png,Pink,Color,Yes,Yes,1,20,900,225,None,None,1x1,None,"Nook's Cranny
Crafting","Available in all tiers of shops, including Timmy & Tommy before the shop is opened",1.0.0,ToolSlingshot_Remake_5_0,5_0,2822,J47FSys2XtpZr8dT9,tools
slingshot,https://acnhcdn.com/latest/FtrIcon/ToolSlingshot_Remake_6_0.png,White,Color,Yes,Yes,1,20,900,225,None,None,1x1,None,"Nook's Cranny
Crafting","Available in all tiers of shops, including Timmy & Tommy before the shop is opened",1.0.0,ToolSlingshot_Remake_6_0,6_0,2822,qKjLAtchN5GvjyknF,tools
slingshot,https://acnhcdn.com/latest/FtrIcon/ToolSlingshot_Remake_7_0.png,Gray,Color,Yes,Yes,1,20,900,225,None,None,1x1,None,"Nook's Cranny
Crafting","Available in all tiers of shops, including Timmy & Tommy before the shop is opened",1.0.0,ToolSlingshot_Remake_7_0,7_0,2822,dq9S8zrmf4efRddki,tools
star net,https://acnhcdn.com/latest/FtrIcon/ToolNetStar_Remake_0_0.png,Yellow,Color,No,Yes,1,30,2500,625,None,None,1x1,None,Nook's Cranny,Available in Nook's Cranny (upgraded only),1.0.0,ToolNetStar_Remake_0_0,0_0,8176,wmcDHN8JZMbnvLiNs,tools
star net,https://acnhcdn.com/latest/FtrIcon/ToolNetStar_Remake_1_0.png,Red,Color,No,Yes,1,30,2500,625,None,None,1x1,None,Nook's Cranny,Available in Nook's Cranny (upgraded only),1.0.0,ToolNetStar_Remake_1_0,1_0,8176,KxYpvPeESLFNeLjGm,tools
star net,https://acnhcdn.com/latest/FtrIcon/ToolNetStar_Remake_2_0.png,Blue,Color,No,Yes,1,30,2500,625,None,None,1x1,None,Nook's Cranny,Available in Nook's Cranny (upgraded only),1.0.0,ToolNetStar_Remake_2_0,2_0,8176,7GJJruF4u4y62nvQy,tools
star net,https://acnhcdn.com/latest/FtrIcon/ToolNetStar_Remake_3_0.png,Light green,Color,No,Yes,1,30,2500,625,None,None,1x1,None,Nook's Cranny,Available in Nook's Cranny (upgraded only),1.0.0,ToolNetStar_Remake_3_0,3_0,8176,y7BXcMSNByN5Q4Ycs,tools
star net,https://acnhcdn.com/latest/FtrIcon/ToolNetStar_Remake_4_0.png,Pink,Color,No,Yes,1,30,2500,625,None,None,1x1,None,Nook's Cranny,Available in Nook's Cranny (upgraded only),1.0.0,ToolNetStar_Remake_4_0,4_0,8176,ajfxbnCnpzWsxsk9q,tools
star net,https://acnhcdn.com/latest/FtrIcon/ToolNetStar_Remake_5_0.png,Purple,Color,No,Yes,1,30,2500,625,None,None,1x1,None,Nook's Cranny,Available in Nook's Cranny (upgraded only),1.0.0,ToolNetStar_Remake_5_0,5_0,8176,4mcfWQJQeebqu4az6,tools
star net,https://acnhcdn.com/latest/FtrIcon/ToolNetStar_Remake_6_0.png,Light blue,Color,No,Yes,1,30,2500,625,None,None,1x1,None,Nook's Cranny,Available in Nook's Cranny (upgraded only),1.0.0,ToolNetStar_Remake_6_0,6_0,8176,ngWXLftz3J8uf7WZq,tools
star net,https://acnhcdn.com/latest/FtrIcon/ToolNetStar_Remake_7_0.png,Green,Color,No,Yes,1,30,2500,625,None,None,1x1,None,Nook's Cranny,Available in Nook's Cranny (upgraded only),1.0.0,ToolNetStar_Remake_7_0,7_0,8176,YZeGaCuXAbFSpEg3h,tools
star wand,https://acnhcdn.com/latest/FtrIcon/ToolChangeStick.png,NA,NA,Yes,No,NA,Unlimited,NFS,6500,None,None,1x1,None,Crafting,,1.0.0,ToolChangeStick,NA,2544,mMwQ96ZbuiBMzgutd,tools
stone axe,https://acnhcdn.com/latest/FtrIcon/ToolAxeStoneNormal.png,NA,NA,Yes,No,NA,100,NFS,560,None,None,1x1,None,Crafting,,1.0.0,ToolAxeStoneNormal,NA,5856,NKHsBuYu25RHWjMBx,tools
tambourine,https://acnhcdn.com/latest/FtrIcon/ToolTambourine.png,NA,NA,No,No,NA,Unlimited,1500,375,None,None,1x1,None,Nook's Cranny,Available in the re-buyable slot in Nook's Cranny,1.0.0,ToolTambourine,NA,5430,eYwGmK6fQwz2XJcht,tools
timer,https://acnhcdn.com/latest/FtrIcon/ToolTimer.png,NA,NA,No,No,NA,Unlimited,840,210,None,None,1x1,None,Nook's Cranny,,1.0.0,ToolTimer,NA,3331,vEEPnFx9FEcKKuzg2,tools
tree-branch wand,https://acnhcdn.com/latest/FtrIcon/ToolStickTree.png,NA,NA,Yes,No,NA,Unlimited,NFS,1550,None,None,1x1,None,Crafting,,1.0.0,ToolStickTree,NA,7587,KnHhJXtuXEhqcPMTx,tools
tulip wand,https://acnhcdn.com/latest/FtrIcon/ToolStickTulip.png,NA,NA,Yes,No,NA,Unlimited,NFS,1580,None,None,1x1,None,Crafting,,1.0.0,ToolStickTulip,NA,5085,u7ZfCMpDYtPRbK2vc,tools
vaulting pole,https://acnhcdn.com/latest/FtrIcon/LongWoodenStick.png,NA,NA,Yes,No,NA,Unlimited,NFS,600,None,None,1x1,None,Crafting,,1.0.0,LongWoodenStick,NA,4703,2vD5XPKHSCCSjy882,tools
wand,https://acnhcdn.com/latest/FtrIcon/ToolStickWood.png,NA,NA,Yes,No,NA,Unlimited,NFS,1000,None,None,1x1,None,Crafting,,1.0.0,ToolStickWood,NA,7584,2Re2yBHTfLRDiTWRb,tools
watering can,https://acnhcdn.com/latest/FtrIcon/ToolWatering_Remake_0_0.png,Blue,Color,Yes,Yes,1,60,2400,600,None,None,1x1,None,Crafting,,1.0.0,ToolWatering_Remake_0_0,0_0,2379,wLChevsx2T9Sm6yf4,tools
watering can,https://acnhcdn.com/latest/FtrIcon/ToolWatering_Remake_1_0.png,Orange,Color,Yes,Yes,1,60,2400,600,None,None,1x1,None,Crafting,,1.0.0,ToolWatering_Remake_1_0,1_0,2379,29SBgiL9wQWpYmfa4,tools
watering can,https://acnhcdn.com/latest/FtrIcon/ToolWatering_Remake_2_0.png,Green,Color,Yes,Yes,1,60,2400,600,None,None,1x1,None,Crafting,,1.0.0,ToolWatering_Remake_2_0,2_0,2379,m8fFeTsh7z7JgjB6H,tools
watering can,https://acnhcdn.com/latest/FtrIcon/ToolWatering_Remake_3_0.png,Red,Color,Yes,Yes,1,60,2400,600,None,None,1x1,None,Crafting,,1.0.0,ToolWatering_Remake_3_0,3_0,2379,95zusTkvS5ou2wPEC,tools
watering can,https://acnhcdn.com/latest/FtrIcon/ToolWatering_Remake_4_0.png,Purple,Color,Yes,Yes,1,60,2400,600,None,None,1x1,None,Crafting,,1.0.0,ToolWatering_Remake_4_0,4_0,2379,wiAp8rGXiDM3kyxpo,tools
watering can,https://acnhcdn.com/latest/FtrIcon/ToolWatering_Remake_6_0.png,White,Color,Yes,Yes,1,60,2400,600,None,None,1x1,None,Crafting,,1.0.0,ToolWatering_Remake_6_0,6_0,2379,Z7ggDgjzNii2RWjNQ,tools
watering can,https://acnhcdn.com/latest/FtrIcon/ToolWatering_Remake_7_0.png,Black,Color,Yes,Yes,1,60,2400,600,None,None,1x1,None,Crafting,,1.0.0,ToolWatering_Remake_7_0,7_0,2379,77zFHmNrGhuJAvvjA,tools
wedding wand,https://acnhcdn.com/latest/FtrIcon/ToolStickJune.png,,,Yes,,,,NFS,3500,None,None,1x1,,Wedding Season,,1.2.0,ToolStickJune,NA,12695,syPb2baTrP3zqi66f,tools
windflower wand,https://acnhcdn.com/latest/FtrIcon/ToolStickAnemones.png,NA,NA,Yes,No,NA,Unlimited,NFS,1580,None,None,1x1,None,Crafting,,1.0.0,ToolStickAnemones,NA,5084,ERMKczYuvS6Eff7C9,tools
worn axe,https://acnhcdn.com/latest/FtrIcon/ToolAxeFragile.png,,,No,,,,40,10,None,None,1x1,,,,1.2.0,ToolAxeFragile,NA,12615,xqXJch47cQrNT65jG,tools