Name,Image,VFX,VFX Type,DIY,Buy,Sell,Color 1,Color 2,Source,Source Notes,Catalog,Window Type,Window Color,Pane Type,Curtain Type,Curtain Color,Ceiling Type,HHA Concept 1,HHA Concept 2,HHA Series,Tag,Version,Filename,Internal ID,Unique Entry ID,category
abstract wall,https://acnhcdn.com/latest/FtrIcon/RoomTexWallAbstract00.png,No,NA,No,1560,390,White,Colorful,Nook's Cranny,,For sale,Four Pane,Grey Wood,Glass,Roller Shades,White,Cloth,shop,facility,None,Cloth Walls,1.0.0,RoomTexWallAbstract00,4873,FpdbDr4PMe5WdEZkA,wallpapers
ancient wall,https://acnhcdn.com/latest/FtrIcon/RoomTexWallEgypt00.png,No,NA,No,3000,750,Beige,Brown,Saharah,,Not for sale,None,NA,NA,None,NA,Stone,folk art,horror,None,Asia,1.0.0,RoomTexWallEgypt00,4936,Y2pykQMhqbEoGGa62,wallpapers
apple wall,https://acnhcdn.com/latest/FtrIcon/RoomTexWallApple00.png,No,NA,Yes,NFS,4000,Red,Red,Crafting,,Not for sale,Four Pane,Grey Wood,Glass,Roller Shades,White,Cloth,fancy,child's room,fruits,Fruit Walls,1.0.0,RoomTexWallApple00,4916,roJZFWataeLQK6vqa,wallpapers
aqua tile wall,https://acnhcdn.com/latest/FtrIcon/RoomTexWallTile01.png,No,NA,No,1420,355,Light blue,Light blue,Nook's Cranny,,For sale,Single Pane,White Metal,Glass,Slatted Blinds,White Plastic,Stone,bathroom,facility,None,Tile Walls,1.0.0,RoomTexWallTile01,4930,6NXvjsdpxJLbd96RM,wallpapers
arched-window wall,https://acnhcdn.com/latest/FtrIcon/RoomSpWallGlass00.png,Yes,NA,No,2150,537,Brown,Light blue,Nook's Cranny,,For sale,None,NA,NA,None,NA,Wood,shop,expensive,None,Special Walls,1.0.0,RoomSpWallGlass00,5482,TzS5oe6a7KyBezmLS,wallpapers
autumn wall,https://acnhcdn.com/latest/FtrIcon/RoomSpWallAutumun00.png,Yes,Random,Yes,NFS,4700,Brown,Orange,Crafting,Fall seasonal DIY using autumn leaves (caught with net),Not for sale,None,NA,NA,None,NA,Wood,garden,None,tree's bounty or leaves ,Special Warm Nature Walls,1.0.0,RoomSpWallAutumun00,4905,KfLqJKhWtys8v86ig,wallpapers
backyard-fence wall,https://acnhcdn.com/latest/FtrIcon/RoomSpWallBackyard00.png,Yes,Synchro,No,3000,750,Light blue,White,Saharah,,Not for sale,None,NA,NA,None,NA,Plain,garden,None,None,Special Cool Nature Walls,1.0.0,RoomSpWallBackyard00,5481,oPYWjEfm7BqHTYipq,wallpapers
bamboo wall,https://acnhcdn.com/latest/FtrIcon/RoomTexWallBamboo00.png,No,NA,Yes,NFS,2400,Green,Beige,Crafting,,Not for sale,None,NA,NA,None,NA,Wood,zen-style,None,bamboo,Nature Walls,1.0.0,RoomTexWallBamboo00,4833,MYpD6DoNCPDw6d9t3,wallpapers
bamboo-grove wall,https://acnhcdn.com/latest/FtrIcon/RoomTexWallChikurin00.png,No,NA,Yes,NFS,4300,Green,Green,Crafting,Spring seasonal DIY using bamboo (from bamboo trees),Not for sale,None,NA,NA,None,NA,Wood,zen-style,None,bamboo,Nature Walls,1.0.0,RoomTexWallChikurin00,4853,LbsrED9Rwg6SHTCpa,wallpapers
bamboo-screen wall,https://acnhcdn.com/latest/FtrIcon/RoomTexWallRattan00.png,No,NA,No,1770,442,Brown,Brown,Nook's Cranny,,For sale,None,NA,NA,None,NA,Stone,zen-style,None,None,Wood Walls,1.0.0,RoomTexWallRattan00,4836,MZt39wkPG6P7iWG2M,wallpapers
bank-vault wall,https://acnhcdn.com/latest/FtrIcon/RoomTexWallSafeBox00.png,No,NA,No,3000,750,Gray,Gray,Saharah,,Not for sale,None,NA,NA,None,NA,Tile,facility,expensive,None,Iron Walls,1.0.0,RoomTexWallSafeBox00,4839,HrgjLfo8tPzP2zpbE,wallpapers
basic wall,https://acnhcdn.com/latest/FtrIcon/RoomSpWallSimplePanel00.png,Yes,NA,No,600,150,White,White,Nook's Cranny,,For sale,None,NA,NA,None,NA,Tile,office,facility,None,Special Walls,1.0.0,RoomSpWallSimplePanel00,5559,FJxKPu5W2sd2YWQfA,wallpapers
beaded-curtain wall,https://acnhcdn.com/latest/FtrIcon/RoomTexWallBeadsCurtain00.png,No,NA,No,1720,430,White,Orange,Nook's Cranny,,For sale,Four Pane,Natural Wood,Glass,Curtains,White Lace,Wood,shop,kitchen,None,Cloth Walls,1.0.0,RoomTexWallBeadsCurtain00,4877,M3mNZS2vSaHaiujcH,wallpapers
beige art-deco wall,https://acnhcdn.com/latest/FtrIcon/RoomTexWallArtDeco00.png,No,NA,No,2780,695,Beige,Beige,Nook's Cranny,,For sale,Arch,Wood,Glass,None,NA,Wood,child's room,living room,None,Art Deco Walls,1.0.0,RoomTexWallArtDeco00,4817,2zmJaMB2B9i8gLTKt,wallpapers
beige blossoming wall,https://acnhcdn.com/latest/FtrIcon/RoomTexWallCountry00.png,No,NA,No,1760,440,Beige,Brown,Nook's Cranny,,For sale,Four Pane,Natural Wood,Glass,Curtains,Red Checkered,Wood,fancy,living room,None,Country,1.0.0,RoomTexWallCountry00,4831,CF5325jZx7pNsqb6Z,wallpapers
beige desert-tile wall,https://acnhcdn.com/latest/FtrIcon/RoomTexWallMorocco00.png,No,NA,No,2440,610,Beige,Beige,Nook's Cranny,,For sale,Sliding Pane,White Metal,Glass,None,NA,Stone,bathroom,facility,None,Morocco,1.0.0,RoomTexWallMorocco00,4834,qZrgjoMjxz9ehXqa4,wallpapers
black botanical-tile wall,https://acnhcdn.com/latest/FtrIcon/RoomTexWallWoodTile03.png,No,NA,No,1240,310,Black,Black,Nook's Cranny,,For sale,Single Pane,Black Metal,Glass,Slatted Blinds,Black Plastic,Stone,facility,expensive,None,Wood Tile Walls,1.0.0,RoomTexWallWoodTile03,6877,PEcX9J774Ffd6Gn8S,wallpapers
black hallway wall,https://acnhcdn.com/latest/FtrIcon/RoomTexWallHall03.png,No,NA,No,2000,500,Black,Black,Nook's Cranny,,For sale,None,NA,NA,None,NA,Wood,facility,music,None,Hall Walls,1.0.0,RoomTexWallHall03,6862,pQrYRHsmovBApejNJ,wallpapers
black perforated-board wall,https://acnhcdn.com/latest/FtrIcon/RoomTexWallPegboard02.png,No,NA,No,1180,295,Black,Black,Nook's Cranny,,For sale,None,NA,NA,None,NA,Tile,music,facility,None,Pegboard Walls,1.0.0,RoomTexWallPegboard02,4922,7fMiJATy4fWP4DpoC,wallpapers
black two-toned tile wall,https://acnhcdn.com/latest/FtrIcon/RoomTexWallTwoToneTile06.png,No,NA,No,1850,462,Black,Black,Nook's Cranny,,For sale,Sliding Pane,White Metal,Glass,None,NA,Stone,bathroom,facility,None,Two-Tone Tile Walls,1.0.0,RoomTexWallTwoToneTile06,6859,aF8tqscwpShhhsASx,wallpapers
black-brick wall,https://acnhcdn.com/latest/FtrIcon/RoomTexWallBrick02.png,No,NA,No,1000,250,Black,Black,Nook's Cranny,,For sale,Four Pane,Dark Wood,Glass,None,NA,Wood,facility,shop,None,Brick,1.0.0,RoomTexWallBrick02,4929,tCex7y47sAsaD44Wm,wallpapers
black-crown wall,https://acnhcdn.com/latest/FtrIcon/RoomTexWallCrown01.png,No,NA,No,2350,587,Black,Black,Nook's Cranny,,For sale,None,NA,NA,None,NA,Tile,expensive,None,None,Crown Walls,1.0.0,RoomTexWallCrown01,4815,4cCAvP8bbCYcyAyBE,wallpapers
blackboard wall,https://acnhcdn.com/latest/FtrIcon/RoomTexWallBlackBoard00.png,No,NA,No,3000,750,Black,Colorful,Saharah,,Not for sale,None,NA,NA,None,NA,Wood,shop,school,None,Neta Walls,1.0.0,RoomTexWallBlackBoard00,4882,Aseoowo4cuXJqyWaA,wallpapers
blue blossoming wall,https://acnhcdn.com/latest/FtrIcon/RoomTexWallCountry02.png,No,NA,No,1760,440,Light blue,Blue,Nook's Cranny,,For sale,Four Pane,Grey Wood,Glass,Curtains,Blue Checkered,Wood,fancy,living room,None,Country,1.0.0,RoomTexWallCountry02,4896,SZWxorHWvT7vhGXsj,wallpapers
blue camo wall,https://acnhcdn.com/latest/FtrIcon/RoomTexWallCamouflage01.png,No,NA,No,1150,287,Blue,Blue,Nook's Cranny,,For sale,Single Pane,Grey Wood,Glass,Slatted Blinds,White Plastic,Cloth,party,child's room,None,Camouflage,1.0.0,RoomTexWallCamouflage01,4884,xQ2EDvGyh76skJyX3,wallpapers
blue delicate-blooms wall,https://acnhcdn.com/latest/FtrIcon/RoomTexWallManor03.png,No,NA,No,1900,475,Blue,Black,Nook's Cranny,,For sale,Four Pane,Dark Wood,Glass,Roller Shades,Undyed,Wood,expensive,living room,None,Manor Walls,1.0.0,RoomTexWallManor03,6852,7Fb4nvMvoxtCZRQv7,wallpapers
blue desert-tile wall,https://acnhcdn.com/latest/FtrIcon/RoomTexWallMorocco01.png,No,NA,No,2440,610,Blue,White,Nook's Cranny,,For sale,Sliding Pane,White Metal,Glass,None,NA,Stone,bathroom,facility,None,Morocco,1.0.0,RoomTexWallMorocco01,4835,vgNuogZ2JG2eZEBni,wallpapers
blue diner wall,https://acnhcdn.com/latest/FtrIcon/RoomTexWallDiner00.png,No,NA,No,2420,605,Blue,Light blue,Nook's Cranny,,For sale,Single Pane,White Metal,Glass,Slatted Blinds,White Plastic,Stone,fancy,shop,None,Diner Walls,1.0.0,RoomTexWallDiner00,7241,GjJT3k3neqwzenXku,wallpapers
blue flower-print wall,https://acnhcdn.com/latest/FtrIcon/RoomTexWallFlower03.png,No,NA,No,1780,445,Blue,Light blue,Nook's Cranny,,For sale,Four Pane,Dark Wood,Glass,Curtains,Light blue,Wood,fancy,living room,None,Flower Walls,1.0.0,RoomTexWallFlower03,6873,Hfm5a2EozWyQws3Tv,wallpapers
blue heart-pattern wall,https://acnhcdn.com/latest/FtrIcon/RoomTexWallHeart00.png,No,NA,No,1280,320,Blue,Light blue,Nook's Cranny,,For sale,Four Pane,White Wood,Glass,Roller Shades,White,Cloth,fancy,child's room,None,Heart Walls,1.0.0,RoomTexWallHeart00,4874,9dXvZ4H39kton3Tcj,wallpapers
blue honeycomb-tile wall,https://acnhcdn.com/latest/FtrIcon/RoomTexWallHoneycomb01.png,No,NA,No,1680,420,Blue,Blue,Nook's Cranny,,For sale,Sliding Pane,Black Metal,Glass,None,NA,Stone,bathroom,facility,None,Honeycomb,1.0.0,RoomTexWallHoneycomb01,4912,Fht6yazsmMqdtEYQb,wallpapers
blue intricate wall,https://acnhcdn.com/latest/FtrIcon/RoomTexWallFlowerPop00.png,No,NA,No,1570,392,Blue,White,Nook's Cranny,,For sale,Four Pane,Grey Wood,Glass,Roller Shades,White,Wood,living room,shop,None,Flower Pop Walls,1.0.0,RoomTexWallFlowerPop00,4848,p65nAJPAzQRgrjmDk,wallpapers
blue molded-panel wall,https://acnhcdn.com/latest/FtrIcon/RoomTexWallPanelMold01.png,No,NA,No,1980,495,Blue,Brown,Nook's Cranny,,For sale,Sliding Pane,White Metal,Glass,None,NA,Cloth,expensive,shop,None,Panel Mold Walls,1.0.0,RoomTexWallPanelMold01,4871,NpLfp6Jj3N5SDZJGK,wallpapers
blue painted-wood wall,https://acnhcdn.com/latest/FtrIcon/RoomTexWallPaintWood00.png,No,NA,No,1650,412,Blue,Light blue,Nook's Cranny,,For sale,Four Pane,White Wood,Glass,None,NA,Wood,fancy,living room,None,Painted Wood,1.0.0,RoomTexWallPaintWood00,4948,taLRgdodXzdzaAqA5,wallpapers
blue playroom wall,https://acnhcdn.com/latest/FtrIcon/RoomTexWallToy00.png,No,NA,No,2540,635,Light blue,Blue,Nook's Cranny,,For sale,Sliding Pane,White Metal,Glass,None,NA,Cloth,child's room,fancy,None,Toy Walls,1.0.0,RoomTexWallToy00,4888,GFvGWj5w9m6i5eRwu,wallpapers
blue quilt wall,https://acnhcdn.com/latest/FtrIcon/RoomTexWallDollhouse01.png,No,NA,No,2150,537,Blue,White,Nook's Cranny,,For sale,Four Pane,White Wood,Glass,Curtains,White Lace,Cloth,fancy,child's room,None,Dollhouse Walls,1.0.0,RoomTexWallDollhouse01,7277,PPTLt5GQAdAhgRkxx,wallpapers
blue shanty wall,https://acnhcdn.com/latest/FtrIcon/RoomTexWallTin02.png,No,NA,No,620,155,Blue,Blue,Nook's Cranny,,For sale,Single Pane,Grey Wood,Glass,Slatted Blinds,White Plastic,Stone,garage,None,None,Tin Walls,1.0.0,RoomTexWallTin02,4925,izNEFpPcp7pZaokHC,wallpapers
blue simple-cloth wall,https://acnhcdn.com/latest/FtrIcon/RoomTexWallSimple03.png,No,NA,No,750,187,Blue,Light blue,Nook's Cranny,,For sale,Four Pane,White Wood,Glass,Curtains,White,Wood,child's room,living room,None,Simple Walls,1.0.0,RoomTexWallSimple03,4869,KEN3oXsCwXwBcrfyD,wallpapers
blue subway-tile wall,https://acnhcdn.com/latest/FtrIcon/RoomTexWallMetro00.png,No,NA,No,1340,335,Blue,Light blue,Nook's Cranny,,For sale,Sliding Pane,White Metal,Glass,None,NA,Stone,facility,shop,None,Metro Walls,1.0.0,RoomTexWallMetro00,4940,mJ2HZDvnKgWB4TfXD,wallpapers
blue tile wall,https://acnhcdn.com/latest/FtrIcon/RoomTexWallTile03.png,No,NA,No,1420,355,Blue,Blue,Nook's Cranny,,For sale,Single Pane,White Metal,Glass,Slatted Blinds,White Plastic,Stone,bathroom,facility,None,Tile Walls,1.0.0,RoomTexWallTile03,7127,gFc6NFYEbm8AqnpNu,wallpapers
blue two-toned tile wall,https://acnhcdn.com/latest/FtrIcon/RoomTexWallTwoToneTile05.png,No,NA,No,1850,462,Blue,Blue,Nook's Cranny,,For sale,Sliding Pane,White Metal,Glass,None,NA,Stone,bathroom,facility,None,Two-Tone Tile Walls,1.0.0,RoomTexWallTwoToneTile05,6858,97tHxtBzbMechYNAe,wallpapers
blue-crown wall,https://acnhcdn.com/latest/FtrIcon/RoomTexWallCrown00.png,No,NA,No,2350,587,Blue,Black,Nook's Cranny,,For sale,None,NA,NA,None,NA,Tile,expensive,None,None,Crown Walls,1.0.0,RoomTexWallCrown00,4814,k3b6CntCn3X84TN8X,wallpapers
blue-paint wall,https://acnhcdn.com/latest/FtrIcon/RoomTexWallStucco03.png,No,NA,No,1600,400,Blue,Blue,Nook's Cranny,,For sale,Four Pane,Dark Wood,Glass,None,NA,Stone,fancy,living room,None,Stucco Walls,1.0.0,RoomTexWallStucco03,4811,Pdr9WyCDQ9MBgG2qf,wallpapers
blue-rose wall,https://acnhcdn.com/latest/FtrIcon/RoomTexWallRose03.png,No,NA,No,1720,430,Blue,Light blue,Nook's Cranny,,For sale,Arch,Grey Metal,Glass,None,NA,Wood,fancy,living room,None,Rose Walls,1.0.0,RoomTexWallRose03,6869,24hAjZQPsBXg3qHgw,wallpapers
blue-striped wall,https://acnhcdn.com/latest/FtrIcon/RoomTexWallStripe03.png,No,NA,No,1520,380,Blue,White,Nook's Cranny,,For sale,Four Pane,White Wood,Glass,Roller Shades,White,Cloth,fancy,child's room,None,Stripe Walls,1.0.0,RoomTexWallStripe03,4945,ZN2NXtCWSxQyeY9TF,wallpapers
botanical-tile wall,https://acnhcdn.com/latest/FtrIcon/RoomTexWallWoodTile02.png,No,NA,No,1240,310,Beige,Yellow,Nook's Cranny,,For sale,Single Pane,Natural Wood,Glass,Slatted Blinds,Natural Wood,Stone,facility,expensive,None,Wood Tile Walls,1.0.0,RoomTexWallWoodTile02,6876,gAvEyZiovXdKht7Db,wallpapers
brown botanical-tile wall,https://acnhcdn.com/latest/FtrIcon/RoomTexWallWoodTile01.png,No,NA,No,1240,310,Brown,Brown,Nook's Cranny,,For sale,Single Pane,Dark Wood,Glass,Slatted Blinds,Dark Brown Wood,Stone,facility,expensive,None,Wood Tile Walls,1.0.0,RoomTexWallWoodTile01,4827,FBLdaz4BkJbYvtdhy,wallpapers
brown diner wall,https://acnhcdn.com/latest/FtrIcon/RoomTexWallDiner03.png,No,NA,No,2420,605,Brown,Colorful,Nook's Cranny,,For sale,Single Pane,White Metal,Glass,Slatted Blinds,White Plastic,Stone,fancy,shop,None,Diner Walls,1.0.0,RoomTexWallDiner03,7244,wtnNQikxNEJkL753p,wallpapers
brown hallway wall,https://acnhcdn.com/latest/FtrIcon/RoomTexWallHall00.png,No,NA,No,2000,500,Brown,Brown,Nook's Cranny,,For sale,None,NA,NA,None,NA,Wood,facility,music,None,Hall Walls,1.0.0,RoomTexWallHall00,4806,hFcaZ4n9ktaGNSTBE,wallpapers
brown herringbone wall,https://acnhcdn.com/latest/FtrIcon/RoomTexWallHerringbone00.png,No,NA,Yes,NFS,1800,Brown,Brown,Crafting,,Not for sale,Single Pane,Natural Wood,Glass,Slatted Blinds,Brown Wood,Wood,living room,shop,None,Herringbone,1.0.0,RoomTexWallHerringbone00,4804,oYALopoXWt2ZRT7Ej,wallpapers
brown shanty wall,https://acnhcdn.com/latest/FtrIcon/RoomTexWallTin03.png,No,NA,No,620,155,Brown,Brown,Nook's Cranny,,For sale,Single Pane,Grey Wood,Glass,Slatted Blinds,White Plastic,Stone,garage,None,None,Tin Walls,1.0.0,RoomTexWallTin03,4926,MHxmHT82gP3odiLwv,wallpapers
brown wedding wall,https://acnhcdn.com/latest/FtrIcon/RoomSpWallChurch01.png,,,No,3000,750,None,None,Wedding Season,,Not for sale,,,,,,,party,expensive,wedding,Cloth Walls,1.2.0,RoomSpWallChurch01,12468,micAswPDNsNS2A2mb,wallpapers
brown-brick wall,https://acnhcdn.com/latest/FtrIcon/RoomTexWallBrick03.png,No,NA,No,1000,250,Brown,Brown,Nook's Cranny,,For sale,Four Pane,Natural Wood,Glass,None,NA,Wood,facility,shop,None,Brick,1.0.0,RoomTexWallBrick03,6850,BE69b25WcF47xAqdG,wallpapers
brown-crown wall,https://acnhcdn.com/latest/FtrIcon/RoomTexWallCrown03.png,No,NA,No,2350,587,Brown,Brown,Nook's Cranny,,For sale,None,NA,NA,None,NA,Tile,expensive,None,None,Crown Walls,1.0.0,RoomTexWallCrown03,6851,oL8aBjZoFCFKEEgAg,wallpapers
Bunny Day wall,https://acnhcdn.com/latest/FtrIcon/RoomTexWallEaster00.png,No,NA,Yes,NFS,4800,Yellow,Colorful,Crafting,"Obtained randomly from villager, egg message bottle or egg balloon during Bunny Day event",Not for sale,,,,,,Wood,fancy,child's room,Bunny Day,Cloth Walls,1.1.0,RoomTexWallEaster00,5231,dEoSTZADDLkvmDHuY,wallpapers
butterflies wall,https://acnhcdn.com/latest/FtrIcon/RoomTexWallInsect00.png,No,NA,No,NFS,840,White,Colorful,Bug-Off,,Not for sale,Four Pane,White Wood,Glass,Roller Shades,White,Wood,fancy,facility,None,Nature Walls,1.0.0,RoomTexWallInsect00,4880,gJEmy4shFTnDB9Pjy,wallpapers
cabin wall,https://acnhcdn.com/latest/FtrIcon/RoomTexWallLog00.png,No,NA,Yes,NFS,1800,Beige,Beige,Crafting,,Not for sale,Four Pane,Natural Wood,Glass,Curtains,White Lace,Wood,living room,facility,None,Wood Walls,1.0.0,RoomTexWallLog00,4840,sAEWR5uKGAXM6utL7,wallpapers
café-curtain wall,https://acnhcdn.com/latest/FtrIcon/RoomSpWallCafe00.png,Yes,NA,No,3000,750,Black,White,Saharah,,Not for sale,None,NA,NA,None,NA,Cloth,shop,expensive,None,Special Walls,1.0.0,RoomSpWallCafe00,5483,ficQ2fw73rzF5EJBB,wallpapers
camo wall,https://acnhcdn.com/latest/FtrIcon/RoomTexWallCamouflage00.png,No,NA,No,1150,287,Black,Green,Nook's Cranny,,For sale,Single Pane,Grey Wood,Glass,Slatted Blinds,White Plastic,Plain,party,child's room,None,Camouflage,1.0.0,RoomTexWallCamouflage00,4883,gBLHTGPLB65iZypbn,wallpapers
chain-link fence,https://acnhcdn.com/latest/FtrIcon/RoomSpWallEmptyLot00.png,Yes,NA,No,3000,750,Gray,Gray,Saharah,,Not for sale,None,NA,NA,None,NA,Cloth,garden,garage,None,Special Cool Nature Walls,1.0.0,RoomSpWallEmptyLot00,5485,Qwbt8qxT8yN9XfXdR,wallpapers
cherry wall,https://acnhcdn.com/latest/FtrIcon/RoomTexWallCherry00.png,No,Random,Yes,NFS,4000,Pink,Red,Crafting,,Not for sale,Four Pane,Grey Wood,Glass,Roller Shades,White,Stone,child's room,fancy,fruits,Fruit Walls,1.0.0,RoomTexWallCherry00,4919,tcMuDzZqtDYs29Asm,wallpapers
cherry-blossom-trees wall,https://acnhcdn.com/latest/FtrIcon/RoomSpWallSakura00.png,Yes,NA,Yes,NFS,4600,Brown,Pink,Crafting,Cherry blossom seasonal DIY using cherry-blossom petals (caught with net),Not for sale,None,NA,NA,None,NA,Wood,garden,None,cherry blossoms,Special Warm Nature Walls,1.0.0,RoomSpWallSakura00,7205,LrRvk9Twg87SSqNR4,wallpapers
chic tearoom wall,https://acnhcdn.com/latest/FtrIcon/RoomTexWallMud03.png,No,NA,No,1750,437,Black,Black,Nook's Cranny,,For sale,Circle,Dark Wood,Screen,None,NA,Wood,zen-style,shop,None,Tea Room Walls,1.0.0,RoomTexWallMud03,11176,juLfiYnkF3x3wSAMZ,wallpapers
chic wall,https://acnhcdn.com/latest/FtrIcon/RoomTexWallClassic00.png,No,NA,No,1960,490,Yellow,Beige,Nook's Cranny,,For sale,Four Pane,White Wood,Glass,Curtains,White Lace,Wood,expensive,living room,None,Cloth Walls,1.0.0,RoomTexWallClassic00,4828,QMofvFznsaNcsDTqg,wallpapers
chocolate hallway wall,https://acnhcdn.com/latest/FtrIcon/RoomTexWallHall01.png,No,NA,No,2000,500,Brown,Brown,Nook's Cranny,,For sale,None,NA,NA,None,NA,Wood,facility,music,None,Hall Walls,1.0.0,RoomTexWallHall01,4807,WZfDqbGb3cACFJWrg,wallpapers
chocolate herringbone wall,https://acnhcdn.com/latest/FtrIcon/RoomTexWallHerringbone01.png,No,NA,Yes,NFS,1800,Brown,Brown,Crafting,,Not for sale,Single Pane,Dark Wood,Glass,Slatted Blinds,Dark Brown Wood,Stone,living room,shop,None,Herringbone,1.0.0,RoomTexWallHerringbone01,4805,TpZxYjK6NorSqDMwu,wallpapers
circuit-board wall,https://acnhcdn.com/latest/FtrIcon/RoomTexWallGeek00.png,No,NA,No,3000,750,Green,Green,Saharah,,Not for sale,None,NA,NA,None,NA,Cloth,facility,None,None,Neta Walls,1.0.0,RoomTexWallGeek00,4821,Ms4DDtXTTGMwXdvvy,wallpapers
cityscape wall,https://acnhcdn.com/latest/FtrIcon/RoomSpWallNightView00.png,Yes,NA,No,3000,750,Black,Black,Saharah,,Not for sale,None,NA,NA,None,NA,Wood,shop,expensive,None,Special Walls,1.0.0,RoomSpWallNightView00,5400,9B4hFDTD7xM8goPGs,wallpapers
classic-library wall,https://acnhcdn.com/latest/FtrIcon/RoomTexWallLibrary00.png,No,NA,Yes,NFS,1450,Black,Black,Crafting,,Not for sale,None,NA,NA,None,NA,Cloth,den,None,None,Library Walls,1.0.0,RoomTexWallLibrary00,4837,YbYmnjKXc49cyT6GB,wallpapers
colorful puzzle wall,https://acnhcdn.com/latest/FtrIcon/RoomTexWallPuzzle01.png,No,NA,No,1540,385,Colorful,Colorful,Nook's Cranny,,For sale,Single Pane,White Metal,Glass,Slatted Blinds,White Plastic,Stone,fancy,child's room,None,Puzzle Walls,1.0.0,RoomTexWallPuzzle01,4887,gpsYwFiGd3coj2eBS,wallpapers
colorful-tile wall,https://acnhcdn.com/latest/FtrIcon/RoomTexWallTile02.png,No,NA,No,1420,355,Colorful,Colorful,Nook's Cranny,,For sale,Single Pane,White Metal,Glass,Slatted Blinds,White Plastic,Wood,bathroom,facility,None,Tile Walls,1.0.0,RoomTexWallTile02,4931,yu9xkApAW49Zhhf9i,wallpapers
common wall,https://acnhcdn.com/latest/FtrIcon/RoomTexWallCommon00.png,No,NA,No,800,200,Beige,Brown,Nook's Cranny,,For sale,Four Pane,Natural Wood,Glass,Curtains,White,Stone,living room,school,None,Stone Walls,1.0.0,RoomTexWallCommon00,4795,nLsLm3SoBAKtH5DmF,wallpapers
concrete wall,https://acnhcdn.com/latest/FtrIcon/RoomTexWallConcrete00.png,No,NA,No,940,235,Gray,Gray,Nook's Cranny,,For sale,Single Pane,Grey Wood,Glass,Slatted Blinds,White Plastic,Stone,garage,facility,None,Stone Walls,1.0.0,RoomTexWallConcrete00,4890,jmixjxLNuH9jRQhyr,wallpapers
construction-site wall,https://acnhcdn.com/latest/FtrIcon/RoomTexWallBlueSheet00.png,No,NA,No,3000,750,Blue,Blue,Saharah,,Not for sale,None,NA,NA,None,NA,Wood,garage,facility,None,Neta Walls,1.0.0,RoomTexWallBlueSheet00,4843,gDubZLr2wi622j5De,wallpapers
crepe-design wall,https://acnhcdn.com/latest/FtrIcon/RoomTexWallCrepe00.png,No,NA,No,1550,387,White,Colorful,Nook's Cranny,,For sale,Circle,Grey Wood,Screen,None,NA,Cloth,zen-style,None,None,Japanese Style,1.0.0,RoomTexWallCrepe00,4841,dBSCiiYyny3ReAbgo,wallpapers
cute blue wall,https://acnhcdn.com/latest/FtrIcon/RoomTexWallCute02.png,No,NA,No,1880,470,Blue,White,Nook's Cranny,,For sale,Four Pane,White Wood,Glass,Curtains,White Lace,Cloth,fancy,child's room,None,Cute Walls,1.0.0,RoomTexWallCute02,7217,KFhQNtCs6tx9sj7dy,wallpapers
cute red wall,https://acnhcdn.com/latest/FtrIcon/RoomTexWallCute01.png,No,NA,No,1880,470,Red,White,Nook's Cranny,,For sale,Four Pane,Grey Wood,Glass,Curtains,White Lace,Cloth,fancy,child's room,None,Cute Walls,1.0.0,RoomTexWallCute01,7216,qYZyrdquxzvHErF5n,wallpapers
cute white wall,https://acnhcdn.com/latest/FtrIcon/RoomTexWallCute00.png,No,NA,No,1880,470,White,White,Nook's Cranny,,For sale,Four Pane,Grey Wood,Glass,Curtains,White Lace,Cloth,fancy,child's room,None,Cute Walls,1.0.0,RoomTexWallCute00,7215,McKcAab2qjAaviYvA,wallpapers
cute yellow wall,https://acnhcdn.com/latest/FtrIcon/RoomTexWallCute03.png,No,NA,No,1880,470,Yellow,White,Nook's Cranny,,For sale,Four Pane,White Wood,Glass,Curtains,White Lace,Stone,fancy,child's room,None,Cute Walls,1.0.0,RoomTexWallCute03,7218,6j8PFwiuCwkN7GP5b,wallpapers
dark wooden-mosaic wall,https://acnhcdn.com/latest/FtrIcon/RoomTexWallMixPlankWood01.png,No,NA,Yes,NFS,1800,Black,Black,Crafting,,Not for sale,Single Pane,Dark Wood,Glass,Slatted Blinds,Dark Brown Wood,Tile,living room,shop,None,Wood Plank Walls,1.0.0,RoomTexWallMixPlankWood01,4860,zZ6oMsuRibBQMkCA7,wallpapers
dark-chocolate wall,https://acnhcdn.com/latest/FtrIcon/RoomTexWallChocolate00.png,No,Synchro,No,3000,750,Brown,Brown,Saharah,,Not for sale,None,NA,NA,None,NA,Plain,fancy,None,None,Chocolate,1.0.0,RoomTexWallChocolate00,4932,MWLvj23WuHrEJkMjk,wallpapers
desert vista,https://acnhcdn.com/latest/FtrIcon/RoomSpWallDesert00.png,Yes,NA,No,3000,750,Beige,Gray,Saharah,,Not for sale,None,NA,NA,None,NA,Stone,folk art,None,None,Special Cool Nature Walls,1.0.0,RoomSpWallDesert00,5488,o45mte3eFoaM3ts98,wallpapers
dig-site wall,https://acnhcdn.com/latest/FtrIcon/RoomTexWallStratum00.png,No,NA,No,3000,750,Brown,Beige,Saharah,,Not for sale,None,NA,NA,None,NA,Wood,garden,horror,None,Stone Walls,1.0.0,RoomTexWallStratum00,5222,Rj3X2dJ5WfYu3wpMP,wallpapers
dirt-clod wall,https://acnhcdn.com/latest/FtrIcon/RoomTexWallOldSoil00.png,No,NA,No,200,50,Beige,Brown,Nook's Cranny,,For sale,Four Pane,Natural Wood,Screen,None,NA,Wood,horror,None,None,Stone Walls,1.0.0,RoomTexWallOldSoil00,4856,LCJDGnfwuHqkgfxJB,wallpapers
dojo wall,https://acnhcdn.com/latest/FtrIcon/RoomTexWallBaseboards00.png,No,NA,No,3000,750,Yellow,Beige,Saharah,,Not for sale,None,NA,NA,None,NA,Stone,fitness,zen-style,None,Wood Walls,1.0.0,RoomTexWallBaseboards00,5227,sLYrC9TRZJDMCZjM6,wallpapers
dungeon wall,https://acnhcdn.com/latest/FtrIcon/RoomSpWallJail00.png,Yes,NA,No,3000,750,Black,Gray,Saharah,,Not for sale,None,NA,NA,None,NA,Wood,horror,None,None,Special Inorganic Walls,1.0.0,RoomSpWallJail00,5509,zcHJb34EruL2Szn87,wallpapers
exquisite wall,https://acnhcdn.com/latest/FtrIcon/RoomTexWallChina00.png,No,NA,No,3000,750,Brown,White,Saharah,,Not for sale,None,NA,NA,None,NA,Stone,zen-style,shop,None,Asia,1.0.0,RoomTexWallChina00,4866,TPZRP5K6z87YHs6TC,wallpapers
forest wall,https://acnhcdn.com/latest/FtrIcon/RoomTexWallMushForest00.png,No,Synchro,Yes,NFS,44000,Black,Black,Crafting,Mushroom seasonal DIY,Not for sale,None,NA,NA,None,NA,Stone,garden,None,mush,Nature Walls,1.0.0,RoomTexWallMushForest00,7187,ogwkK7pveFmag6MXj,wallpapers
future-tech wall,https://acnhcdn.com/latest/FtrIcon/RoomSpWallTechnology00.png,Yes,NA,No,3000,750,Black,Black,Saharah,,Not for sale,None,NA,NA,None,NA,Plain,horror,folk art,None,Special Inorganic Walls,1.0.0,RoomSpWallTechnology00,5494,JawM9P46KeFwGXdsm,wallpapers
garbage-heap wall,https://acnhcdn.com/latest/FtrIcon/RoomTexWallGarbage00.png,No,NA,Yes,NFS,120,Light blue,Gray,Crafting,,Not for sale,None,NA,NA,None,NA,Wood,garage,horror,None,Neta Walls,1.0.0,RoomTexWallGarbage00,5229,KfoTScCc4NZruFYd8,wallpapers
gold-screen wall,https://acnhcdn.com/latest/FtrIcon/RoomTexWallFusumaGorgeous00.png,No,NA,Yes,NFS,20750,Yellow,Yellow,Crafting,,Not for sale,None,NA,NA,None,NA,Gold,zen-style,expensive,None,Japanese Style,1.0.0,RoomTexWallFusumaGorgeous00,4820,CucFATJt8EtZmbKFX,wallpapers
golden wall,https://acnhcdn.com/latest/FtrIcon/RoomTexWallGold00.png,No,NA,Yes,NFS,40000,Yellow,Brown,Crafting,,Not for sale,None,NA,NA,None,NA,Stone,expensive,horror,golden,Asia,1.0.0,RoomTexWallGold00,4894,uyLj28ErYLEjpYzEF,wallpapers
gray diner wall,https://acnhcdn.com/latest/FtrIcon/RoomTexWallDiner02.png,No,NA,No,2420,605,White,Colorful,Nook's Cranny,,For sale,Single Pane,White Metal,Glass,Slatted Blinds,White Plastic,Cloth,fancy,shop,None,Diner Walls,1.0.0,RoomTexWallDiner02,7243,eTcpWCGHCzsdGRs7k,wallpapers
gray molded-panel wall,https://acnhcdn.com/latest/FtrIcon/RoomTexWallPanelMold02.png,No,NA,No,1980,495,Gray,Gray,Nook's Cranny,,For sale,Sliding Pane,Black Metal,Glass,None,NA,Stone,expensive,shop,None,Panel Mold Walls,1.0.0,RoomTexWallPanelMold02,4872,49g9WCb7cvS8kpqDF,wallpapers
gray shanty wall,https://acnhcdn.com/latest/FtrIcon/RoomTexWallTin00.png,No,NA,No,620,155,Gray,Gray,Nook's Cranny,,For sale,Single Pane,Grey Wood,Glass,Slatted Blinds,White Plastic,Cloth,garage,None,None,Tin Walls,1.0.0,RoomTexWallTin00,4923,7uz4sbe5zSfsa8PqK,wallpapers
gray-striped wall,https://acnhcdn.com/latest/FtrIcon/RoomTexWallStripe02.png,No,NA,No,1520,380,Gray,White,Nook's Cranny,,For sale,Four Pane,White Wood,Glass,Roller Shades,White,Wood,fancy,child's room,None,Stripe Walls,1.0.0,RoomTexWallStripe02,4944,xWHnQXK7duTWZ8GrD,wallpapers
green blossoming wall,https://acnhcdn.com/latest/FtrIcon/RoomTexWallCountry03.png,No,NA,No,1760,440,Green,Brown,Nook's Cranny,,For sale,Four Pane,Light Wood,Glass,Curtains,Green Checkered,Wood,fancy,living room,None,Country,1.0.0,RoomTexWallCountry03,4903,ZPCtPY4gYYKPn7ipQ,wallpapers
green delicate-blooms wall,https://acnhcdn.com/latest/FtrIcon/RoomTexWallManor02.png,No,NA,No,1900,475,Green,Black,Nook's Cranny,,For sale,Four Pane,Dark Wood,Glass,Roller Shades,Undyed,Wood,expensive,living room,None,Manor Walls,1.0.0,RoomTexWallManor02,4898,rsBmsGkcmQYWzEivw,wallpapers
green flower-print wall,https://acnhcdn.com/latest/FtrIcon/RoomTexWallFlower01.png,No,NA,No,1780,445,Green,Beige,Nook's Cranny,,For sale,Four Pane,White Wood,Glass,Curtains,Green,Stone,fancy,living room,None,Flower Walls,1.0.0,RoomTexWallFlower01,4935,oYN6MCEQENZymoKdm,wallpapers
green honeycomb-tile wall,https://acnhcdn.com/latest/FtrIcon/RoomTexWallHoneycomb02.png,No,NA,No,1680,420,Green,Green,Nook's Cranny,,For sale,Sliding Pane,Grey Metal,Glass,None,NA,Wood,bathroom,facility,None,Honeycomb,1.0.0,RoomTexWallHoneycomb02,4913,Aws33pgNCEygKeaB4,wallpapers
green intricate wall,https://acnhcdn.com/latest/FtrIcon/RoomTexWallFlowerPop02.png,No,NA,No,1570,392,Green,White,Nook's Cranny,,For sale,Four Pane,Grey Wood,Glass,Roller Shades,White,Cloth,living room,shop,None,Flower Pop Walls,1.0.0,RoomTexWallFlowerPop02,6878,hD6uCKiZPpJC6eqom,wallpapers
green molded-panel wall,https://acnhcdn.com/latest/FtrIcon/RoomTexWallPanelMold03.png,No,NA,No,1980,495,Green,White,Nook's Cranny,,For sale,Sliding Pane,White Metal,Glass,None,NA,Wood,fancy,child's room,None,Panel Mold Walls,1.0.0,RoomTexWallPanelMold03,6854,L5cttCqv5dPEpZNwm,wallpapers
green painted-wood wall,https://acnhcdn.com/latest/FtrIcon/RoomTexWallPaintWood01.png,No,NA,No,1650,412,Green,Green,Nook's Cranny,,For sale,Four Pane,White Wood,Glass,None,NA,Cloth,fancy,child's room,None,Painted Wood,1.0.0,RoomTexWallPaintWood01,4949,wDrM2ExdLkKTKohtr,wallpapers
green playroom wall,https://acnhcdn.com/latest/FtrIcon/RoomTexWallToy02.png,No,NA,No,2540,635,Green,Green,Nook's Cranny,,For sale,Sliding Pane,White Metal,Glass,None,NA,Stone,child's room,fancy,None,Toy Walls,1.0.0,RoomTexWallToy02,6866,hrZPmBpEgQ8SZm2oe,wallpapers
green wedding wall,https://acnhcdn.com/latest/FtrIcon/RoomSpWallChurch02.png,,,No,3000,750,None,None,Wedding Season,,Not for sale,,,,,,,party,expensive,wedding,Cloth Walls,1.2.0,RoomSpWallChurch02,12469,WvGCWHyf2NKwuiZ7Z,wallpapers
green-paint wall,https://acnhcdn.com/latest/FtrIcon/RoomTexWallStucco04.png,No,NA,No,1600,400,Green,Green,Nook's Cranny,,For sale,Four Pane,Dark Wood,Glass,None,NA,Cloth,fancy,living room,None,Stucco Walls,1.0.0,RoomTexWallStucco04,4812,3ZHQo8e8Wqgw4cpwy,wallpapers
groovy wall,https://acnhcdn.com/latest/FtrIcon/RoomTexWallPsyche00.png,No,NA,No,1280,320,Orange,Orange,Nook's Cranny,,For sale,Single Pane,Natural Wood,Glass,Slatted Blinds,Brown Wood,Stone,party,None,None,Cloth Walls,1.0.0,RoomTexWallPsyche00,4846,gt5Bv4qHoaZ9QCyj4,wallpapers
harmonious wall,https://acnhcdn.com/latest/FtrIcon/RoomTexWallOriental00.png,No,NA,No,1780,445,Brown,Brown,Nook's Cranny,,For sale,None,NA,NA,None,NA,Wood,zen-style,shop,None,Asia,1.0.0,RoomTexWallOriental00,11180,uCzqeq8GvfKRsWRd4,wallpapers
heavy-curtain wall,https://acnhcdn.com/latest/FtrIcon/RoomTexWallThickCurtain00.png,No,NA,No,3000,750,Red,Black,Saharah,,Not for sale,None,NA,NA,None,NA,Stone,music,party,None,Cloth Walls,1.0.0,RoomTexWallThickCurtain00,4878,mKPtEN398qGZ7Yryu,wallpapers
honeycomb wall,https://acnhcdn.com/latest/FtrIcon/RoomTexWallHoney00.png,No,NA,Yes,NFS,3600,Yellow,Yellow,Crafting,,Not for sale,None,NA,NA,None,NA,Stone,fancy,facility,None,Tile Walls,1.0.0,RoomTexWallHoney00,4865,hB3LqvkNidDmzrZ8z,wallpapers
honeycomb-tile wall,https://acnhcdn.com/latest/FtrIcon/RoomTexWallHoneycomb00.png,No,NA,No,1680,420,Brown,Brown,Nook's Cranny,,For sale,Sliding Pane,Black Metal,Glass,None,NA,Stone,bathroom,facility,None,Honeycomb,1.0.0,RoomTexWallHoneycomb00,4909,S3bCMm6KGHKF6Ynzg,wallpapers
ice wall,https://acnhcdn.com/latest/FtrIcon/RoomSpWallIce00.png,Yes,NA,Yes,NFS,8200,Light blue,Light blue,Snowman,Reward for making a perfect snow-person,Not for sale,None,NA,NA,None,NA,Plain,freezing cold,facility,frozen,Special Walls,1.0.0,RoomSpWallIce00,5505,d84Y3R4CzrtjCasov,wallpapers
iceberg wall,https://acnhcdn.com/latest/FtrIcon/RoomTexWallIceFloe00.png,No,NA,Yes,NFS,4000,Light blue,White,Crafting,Winter seasonal DIY using snowflakes (caught with net),Not for sale,None,NA,NA,None,NA,Stone,freezing cold,None,None,Neta Walls,1.0.0,RoomTexWallIceFloe00,5662,XqrwARWP9bzsmsjiF,wallpapers
imperial wall,https://acnhcdn.com/latest/FtrIcon/RoomTexWallDynasty00.png,No,NA,No,3000,750,Red,Red,Saharah,,Not for sale,None,NA,NA,None,NA,Stone,expensive,None,None,Asia,1.0.0,RoomTexWallDynasty00,5224,YkuzvDjqXDB9CYHhm,wallpapers
industrial wall,https://acnhcdn.com/latest/FtrIcon/RoomTexWallFactory00.png,No,NA,No,3000,750,Black,Black,Saharah,,Not for sale,None,NA,NA,None,NA,Stone,facility,None,None,Iron Walls,1.0.0,RoomTexWallFactory00,4876,ao5GCHQqnwssDNRGN,wallpapers
ivy wall,https://acnhcdn.com/latest/FtrIcon/RoomTexWallIvy00.png,No,Synchro,No,3000,750,Brown,Green,Saharah,,Not for sale,None,NA,NA,None,NA,Wood,facility,shop,None,Nature Walls,1.0.0,RoomTexWallIvy00,4850,t6XmWqkyhZt8Axyeh,wallpapers
Jingle wall,https://acnhcdn.com/latest/FtrIcon/RoomSpWallXmas00.png,Yes,NA,Yes,NFS,2500,Green,Colorful,Crafting,Festive seasonal DIY using ornaments (from shaking trees),Not for sale,None,NA,NA,None,NA,Stone,fancy,party,festive,Special Walls,1.0.0,RoomSpWallXmas00,5230,ZjBHKK8ckePAaKpxe,wallpapers
jungle wall,https://acnhcdn.com/latest/FtrIcon/RoomTexWallJungle00.png,No,NA,Yes,NFS,1380,Green,Green,Crafting,,Not for sale,None,NA,NA,None,NA,Cloth,garden,facility,None,Nature Walls,1.0.0,RoomTexWallJungle00,5457,pJFdFWHgQRiYAn67i,wallpapers
kisses wall,https://acnhcdn.com/latest/FtrIcon/RoomTexWallKiss00.png,No,Random,No,3000,750,Pink,White,Saharah,,Not for sale,Single Pane,White Metal,Glass,Slatted Blinds,White Plastic,Tile,party,fancy,None,Cloth Walls,1.0.0,RoomTexWallKiss00,4881,ZeuGwoWptbyaQDsbu,wallpapers
laboratory wall,https://acnhcdn.com/latest/FtrIcon/RoomSpWallLabo00.png,Yes,NA,No,3000,750,Black,Black,Saharah,,Not for sale,None,NA,NA,None,NA,Wood,facility,None,None,Special Inorganic Walls,1.0.0,RoomSpWallLabo00,5495,kNrqC5Xs7RFybYfkN,wallpapers
lattice wall,https://acnhcdn.com/latest/FtrIcon/RoomTexWallLattice00.png,No,Synchro,No,1780,445,Brown,Brown,Nook's Cranny,,For sale,None,NA,NA,None,NA,Stone,zen-style,shop,None,Asia,1.0.0,RoomTexWallLattice00,4830,ZQFuCuh6fdtufMYzs,wallpapers
magma-cavern wall,https://acnhcdn.com/latest/FtrIcon/RoomSpWallVolcano00.png,Yes,NA,No,3000,750,Orange,Orange,Saharah,,Not for sale,None,NA,NA,None,NA,Cloth,horror,None,None,Special Warm Nature Walls,1.0.0,RoomSpWallVolcano00,5506,ugvpYYqX4F9bgLbnj,wallpapers
manga-library wall,https://acnhcdn.com/latest/FtrIcon/RoomTexWallLibrary01.png,No,NA,Yes,NFS,1050,White,White,Crafting,,Not for sale,None,NA,NA,None,NA,Plain,facility,den,None,Library Walls,1.0.0,RoomTexWallLibrary01,4838,wRBeXRoDHw6Curx44,wallpapers
mangrove wall,https://acnhcdn.com/latest/FtrIcon/RoomTexWallMangrove00.png,No,NA,No,3000,750,Green,Green,Saharah,,Not for sale,None,NA,NA,None,NA,Wood,garden,None,None,Nature Walls,1.0.0,RoomTexWallMangrove00,5514,j8cYo8ozHYBaAm3JH,wallpapers
marine pop wall,https://acnhcdn.com/latest/FtrIcon/RoomTexWallFish00.png,No,Synchro,No,NFS,805,Light blue,Blue,Fishing Tourney,,Not for sale,Four Pane,Grey Wood,Glass,Roller Shades,White,Plain,ocean,child's room,None,Cloth Walls,1.0.0,RoomTexWallFish00,4879,DmheJHpCg6xk8dX3R,wallpapers
meadow vista,https://acnhcdn.com/latest/FtrIcon/RoomSpWallHighLands00.png,Yes,Random,No,3000,750,Green,Light blue,Saharah,,Not for sale,None,NA,NA,None,NA,Stone,garden,None,None,Special Cool Nature Walls,1.0.0,RoomSpWallHighLands00,5484,QdWj45HftWrWwC3dH,wallpapers
misty-garden wall,https://acnhcdn.com/latest/FtrIcon/RoomSpWallRain00.png,Yes,NA,No,3000,585,Gray,Gray,Saharah,,Not for sale,None,NA,NA,None,NA,Cloth,garden,None,None,Special Cool Nature Walls,1.0.0,RoomSpWallRain00,11915,hgiWgFTr76YtZH8sH,wallpapers
mod wall,https://acnhcdn.com/latest/FtrIcon/RoomTexWallMod00.png,No,NA,No,1220,305,Orange,Orange,Nook's Cranny,,For sale,Four Pane,Natural Wood,Glass,Roller Shades,Undyed,Wood,party,None,None,Cloth Walls,1.0.0,RoomTexWallMod00,4908,Tiya4QoMRwThyKcG8,wallpapers
modern shoji-screen wall,https://acnhcdn.com/latest/FtrIcon/RoomSpWallShojiModem00.png,Yes,NA,No,1150,287,Brown,White,Nook's Cranny,,For sale,None,NA,NA,None,NA,Wood,zen-style,shop,None,Japanese Style,1.0.0,RoomSpWallShojiModem00,4864,WBh8T7xJBavLRKZpB,wallpapers
modern tearoom wall,https://acnhcdn.com/latest/FtrIcon/RoomTexWallMud02.png,No,NA,No,1750,437,Brown,Brown,Nook's Cranny,,For sale,Circle,Dark Wood,Screen,None,NA,Stone,zen-style,shop,None,Tea Room Walls,1.0.0,RoomTexWallMud02,11178,Yk5NZC7SSyjDEpnA7,wallpapers
modern wood wall,https://acnhcdn.com/latest/FtrIcon/RoomTexWallMixwood00.png,No,NA,Yes,NFS,1800,Brown,Brown,Crafting,,Not for sale,Single Pane,Natural Wood,Glass,Slatted Blinds,Brown Wood,Wood,living room,child's room,None,Wood Walls,1.0.0,RoomTexWallMixwood00,4904,KZjTLMR8uhbpJGQ64,wallpapers
monochromatic dotted wall,https://acnhcdn.com/latest/FtrIcon/RoomTexWallDot00.png,No,NA,No,1100,275,Gray,White,Nook's Cranny,,For sale,Four Pane,Dark Wood,Glass,Curtains,White,Stone,fancy,child's room,None,Dot,1.0.0,RoomTexWallDot00,4892,SWkrbmL8ME6NeQd9Q,wallpapers
monochromatic-tile wall,https://acnhcdn.com/latest/FtrIcon/RoomTexWallTile00.png,No,NA,No,1420,355,Gray,White,Nook's Cranny,,For sale,Single Pane,White Metal,Glass,Slatted Blinds,White Plastic,Stone,bathroom,facility,None,Tile Walls,1.0.0,RoomTexWallTile00,4910,6pk8nNbm4EmT3PrBr,wallpapers
mortar wall,https://acnhcdn.com/latest/FtrIcon/RoomTexWallPlaster00.png,No,NA,No,3000,750,Gray,Gray,Saharah,,Not for sale,None,NA,NA,None,NA,Stone,zen-style,None,None,Stone Walls,1.0.0,RoomTexWallPlaster00,5215,mfRLEniEAEB9YAjCY,wallpapers
mosaic-tile wall,https://acnhcdn.com/latest/FtrIcon/RoomTexWallMosaicTile00.png,No,NA,No,1450,362,Black,White,Nook's Cranny,,For sale,Four Pane,Grey Wood,Glass,Roller Shades,White,Stone,bathroom,facility,None,Tile Walls,1.0.0,RoomTexWallMosaicTile00,4862,2T8d9sRKwijHhESDS,wallpapers
mossy-garden wall,https://acnhcdn.com/latest/FtrIcon/RoomTexWallMoss00.png,No,NA,No,3000,750,Green,Green,Saharah,,Not for sale,None,NA,NA,None,NA,Cloth,zen-style,None,None,Nature Walls,1.0.0,RoomTexWallMoss00,5458,nuuPHdxH5skMPdehs,wallpapers
mush wall,https://acnhcdn.com/latest/FtrIcon/RoomTexWallMush00.png,No,NA,Yes,NFS,21400,Orange,Brown,Crafting,Mushroom seasonal DIY,Not for sale,Four Pane,White Wood,Glass,Roller Shades,Undyed,Wood,fancy,None,mush,Cloth Walls,1.0.0,RoomTexWallMush00,5164,6xJHWgQgJA9e2n4jJ,wallpapers
Nook Inc. wall,https://acnhcdn.com/latest/FtrIcon/RoomTexWallFirst00.png,No,NA,No,NFS,6000,White,Light blue,Nook Miles Shop,,Not for sale,Four Pane,Dark Wood,Glass,Curtains,White,Plain,fancy,shop,None,Cloth Walls,1.0.0,RoomTexWallFirst00,6004,e7uEC5di7XvHpvkuk,wallpapers
ocean-horizon wall,https://acnhcdn.com/latest/FtrIcon/RoomSpWallHorizon00.png,Yes,Synchro,No,3000,750,Blue,Light blue,Saharah,,Not for sale,None,NA,NA,None,NA,Tile,ocean,None,None,Special Cool Nature Walls,1.0.0,RoomSpWallHorizon00,5486,BYpn3AZyJ8PWCAxHj,wallpapers
office wall,https://acnhcdn.com/latest/FtrIcon/RoomTexWallOffice00.png,No,NA,No,3000,750,White,Light blue,Saharah,,Not for sale,None,NA,NA,None,NA,Wood,office,None,None,Special Walls,1.0.0,RoomTexWallOffice00,5218,gSMtrRvmA9mYgtKtD,wallpapers
old wallpaper,https://acnhcdn.com/latest/FtrIcon/RoomTexWallOld00.png,No,NA,No,200,50,Beige,Beige,Nook's Cranny,,For sale,Four Pane,White Wood,Glass,None,NA,Stone,horror,None,None,Cloth Walls,1.0.0,RoomTexWallOld00,4857,LvLyyhmz3TH3qjBi4,wallpapers
olive desert-tile wall,https://acnhcdn.com/latest/FtrIcon/RoomTexWallMorocco03.png,No,NA,No,2440,610,Yellow,Yellow,Nook's Cranny,,For sale,Sliding Pane,White Metal,Glass,None,NA,Cloth,bathroom,facility,None,Morocco,1.0.0,RoomTexWallMorocco03,6863,z5bNEBbKNL56CwQKo,wallpapers
orange camo wall,https://acnhcdn.com/latest/FtrIcon/RoomTexWallCamouflage03.png,No,NA,No,1150,287,Orange,Orange,Nook's Cranny,,For sale,Single Pane,Grey Wood,Glass,Slatted Blinds,White Plastic,Cloth,party,child's room,None,Camouflage,1.0.0,RoomTexWallCamouflage03,6855,xiaFSrf6okC624pCz,wallpapers
orange molded-panel wall,https://acnhcdn.com/latest/FtrIcon/RoomTexWallPanelMold00.png,No,NA,No,1980,495,Orange,Beige,Nook's Cranny,,For sale,Sliding Pane,White Metal,Glass,None,NA,Cloth,fancy,child's room,None,Panel Mold Walls,1.0.0,RoomTexWallPanelMold00,4870,zW3vwqmKDGhK68rCJ,wallpapers
orange wall,https://acnhcdn.com/latest/FtrIcon/RoomTexWallOrange00.png,No,NA,Yes,NFS,4000,Orange,Orange,Crafting,,Not for sale,Four Pane,Grey Wood,Glass,Roller Shades,White,Stone,fancy,child's room,fruits,Fruit Walls,1.0.0,RoomTexWallOrange00,4915,4GirW6p4notkWfhs7,wallpapers
orange-paint wall,https://acnhcdn.com/latest/FtrIcon/RoomTexWallStucco01.png,No,NA,No,1600,400,Orange,Orange,Nook's Cranny,,For sale,Four Pane,Natural Wood,Glass,None,NA,Stone,fancy,child's room,None,Stucco Walls,1.0.0,RoomTexWallStucco01,4809,TFsdbmb9sti7Gz3pt,wallpapers
paintball wall,https://acnhcdn.com/latest/FtrIcon/RoomTexWallAtelier00.png,No,NA,No,3000,750,White,Colorful,Saharah,,Not for sale,Single Pane,Grey Metal,Glass,Slatted Blinds,Aluminium,Stone,garage,facility,None,Stone Walls,1.0.0,RoomTexWallAtelier00,4854,qnE76Sd6WdnihirBL,wallpapers
palace wall,https://acnhcdn.com/latest/FtrIcon/RoomSpWallPalace00.png,Yes,NA,No,3000,750,Beige,White,Saharah,,Not for sale,None,NA,NA,None,NA,Cloth,expensive,folk art,None,Special Inorganic Walls,1.0.0,RoomSpWallPalace00,5502,fGigBL7P6sRsv25Au,wallpapers
party wall,https://acnhcdn.com/latest/FtrIcon/RoomTexWallParty00.png,No,NA,No,NFS,370,Colorful,White,Birthday,,Not for sale,Four Pane,Dark Wood,Glass,Roller Shades,White,Wood,party,fancy,None,Cloth Walls,1.0.0,RoomTexWallParty00,5226,9v4H4NeFMQR9tKLj7,wallpapers
pastel dotted wall,https://acnhcdn.com/latest/FtrIcon/RoomTexWallDot01.png,No,NA,No,1100,275,White,Colorful,Nook's Cranny,,For sale,Four Pane,Dark Wood,Glass,Curtains,White,Cloth,fancy,child's room,None,Dot,1.0.0,RoomTexWallDot01,4899,m4ha6kr7tPuio5AcL,wallpapers
pastel puzzle wall,https://acnhcdn.com/latest/FtrIcon/RoomTexWallPuzzle00.png,No,NA,No,1540,385,White,White,Nook's Cranny,,For sale,Single Pane,White Metal,Glass,Slatted Blinds,White Plastic,Stone,fancy,child's room,None,Puzzle Walls,1.0.0,RoomTexWallPuzzle00,4886,b3EvGiavTx8QPHrfP,wallpapers
peach two-toned tile wall,https://acnhcdn.com/latest/FtrIcon/RoomTexWallTwoToneTile04.png,No,NA,No,1850,462,Pink,Pink,Nook's Cranny,,For sale,Sliding Pane,White Metal,Glass,None,NA,Cloth,bathroom,facility,None,Two-Tone Tile Walls,1.0.0,RoomTexWallTwoToneTile04,6857,m9bGMPzT4cjdMddyY,wallpapers
peach wall,https://acnhcdn.com/latest/FtrIcon/RoomTexWallPeach00.png,No,NA,Yes,NFS,4000,Pink,Pink,Crafting,,Not for sale,Four Pane,Grey Wood,Glass,Roller Shades,White,Cloth,fancy,child's room,fruits,Fruit Walls,1.0.0,RoomTexWallPeach00,4918,cpGXBrDm4SXGAXraz,wallpapers
pear wall,https://acnhcdn.com/latest/FtrIcon/RoomTexWallPear00.png,No,NA,Yes,NFS,4000,Green,Green,Crafting,,Not for sale,Four Pane,Grey Wood,Glass,Roller Shades,White,Tile,fancy,child's room,fruits,Fruit Walls,1.0.0,RoomTexWallPear00,4917,vtaaw7vsoJD8meQuM,wallpapers
perforated-board wall,https://acnhcdn.com/latest/FtrIcon/RoomTexWallPegboard01.png,No,NA,No,1180,295,Brown,Brown,Nook's Cranny,,For sale,None,NA,NA,None,NA,Wood,music,facility,None,Pegboard Walls,1.0.0,RoomTexWallPegboard01,4921,BThQrmfp4EnBqyfv3,wallpapers
pink blossoming wall,https://acnhcdn.com/latest/FtrIcon/RoomTexWallCountry01.png,No,NA,No,1760,440,Pink,Brown,Nook's Cranny,,For sale,Four Pane,Dark Wood,Glass,Curtains,Red Checkered,Stone,fancy,living room,None,Country,1.0.0,RoomTexWallCountry01,4895,zgZSrtarnCJG53AdD,wallpapers
pink diner wall,https://acnhcdn.com/latest/FtrIcon/RoomTexWallDiner01.png,No,NA,No,2420,605,Pink,Colorful,Nook's Cranny,,For sale,Single Pane,White Metal,Glass,Slatted Blinds,White Plastic,Wood,fancy,shop,None,Diner Walls,1.0.0,RoomTexWallDiner01,7242,MXeKHor4q66HH3GJs,wallpapers
pink flower-print wall,https://acnhcdn.com/latest/FtrIcon/RoomTexWallFlower00.png,No,NA,No,1780,445,Pink,Pink,Nook's Cranny,,For sale,Four Pane,Natural Wood,Glass,Curtains,Pink,Cloth,fancy,living room,None,Flower Walls,1.0.0,RoomTexWallFlower00,4893,eCN5rZb7sXsoWSCmW,wallpapers
pink heart-pattern wall,https://acnhcdn.com/latest/FtrIcon/RoomTexWallHeart01.png,No,NA,No,1280,320,Pink,Pink,Nook's Cranny,,For sale,Four Pane,White Wood,Glass,Roller Shades,White,Wood,fancy,child's room,None,Heart Walls,1.0.0,RoomTexWallHeart01,4875,4f732CJdDvXxHDQsd,wallpapers
pink painted-wood wall,https://acnhcdn.com/latest/FtrIcon/RoomTexWallPaintWood02.png,No,NA,No,1650,412,Pink,Pink,Nook's Cranny,,For sale,Four Pane,White Wood,Glass,None,NA,Cloth,fancy,child's room,None,Painted Wood,1.0.0,RoomTexWallPaintWood02,4802,tjx2TsuHTcr4jaMHM,wallpapers
pink playroom wall,https://acnhcdn.com/latest/FtrIcon/RoomTexWallToy01.png,No,NA,No,2540,635,Pink,Pink,Nook's Cranny,,For sale,Sliding Pane,White Metal,Glass,None,NA,Cloth,child's room,fancy,None,Toy Walls,1.0.0,RoomTexWallToy01,4889,xYNWemEyTsD9zG8iC,wallpapers
pink quilt wall,https://acnhcdn.com/latest/FtrIcon/RoomTexWallDollhouse00.png,No,NA,No,2150,537,Pink,White,Nook's Cranny,,For sale,Four Pane,White Wood,Glass,Curtains,White Lace,Stone,fancy,child's room,None,Dollhouse Walls,1.0.0,RoomTexWallDollhouse00,7274,gToedZLPo7MbMvpah,wallpapers
pink shanty wall,https://acnhcdn.com/latest/FtrIcon/RoomTexWallTin01.png,No,NA,No,620,155,Pink,Pink,Nook's Cranny,,For sale,Single Pane,Grey Wood,Glass,Slatted Blinds,White Plastic,Wood,garage,None,None,Tin Walls,1.0.0,RoomTexWallTin01,4924,WfmPknxrLpp25SMbS,wallpapers
pink simple-cloth wall,https://acnhcdn.com/latest/FtrIcon/RoomTexWallSimple02.png,No,NA,No,750,187,Pink,Pink,Nook's Cranny,,For sale,Four Pane,White Wood,Glass,Curtains,White,Tile,child's room,living room,None,Simple Walls,1.0.0,RoomTexWallSimple02,4868,mH2zs7NpfPgERmHwm,wallpapers
pink-crown wall,https://acnhcdn.com/latest/FtrIcon/RoomTexWallCrown02.png,No,NA,No,2350,587,Pink,White,Nook's Cranny,,For sale,None,NA,NA,None,NA,Cloth,fancy,expensive,None,Crown Walls,1.0.0,RoomTexWallCrown02,4816,cwBg3xvzjfh2qm7Lg,wallpapers
pink-striped wall,https://acnhcdn.com/latest/FtrIcon/RoomTexWallStripe01.png,No,NA,No,1520,380,Pink,White,Nook's Cranny,,For sale,Four Pane,White Wood,Glass,Roller Shades,White,Cloth,fancy,child's room,None,Stripe Walls,1.0.0,RoomTexWallStripe01,4943,Pwd2z87xxFm52tA28,wallpapers
purple camo wall,https://acnhcdn.com/latest/FtrIcon/RoomTexWallCamouflage02.png,No,NA,No,1150,287,Purple,Purple,Nook's Cranny,,For sale,Single Pane,White Metal,Glass,Slatted Blinds,White Plastic,Stone,party,child's room,None,Camouflage,1.0.0,RoomTexWallCamouflage02,4885,AY2jSyyAd4BD74xQ7,wallpapers
purple desert-tile wall,https://acnhcdn.com/latest/FtrIcon/RoomTexWallMorocco02.png,No,NA,No,2440,610,Purple,Purple,Nook's Cranny,,For sale,Sliding Pane,White Metal,Glass,None,NA,Wood,bathroom,facility,None,Morocco,1.0.0,RoomTexWallMorocco02,6864,2y5jPPPs3so7APToC,wallpapers
purple dotted wall,https://acnhcdn.com/latest/FtrIcon/RoomTexWallDot04.png,No,NA,No,1100,275,Purple,White,Nook's Cranny,,For sale,Four Pane,Natural Wood,Glass,Curtains,White,Cloth,fancy,child's room,None,Dot,1.0.0,RoomTexWallDot04,4902,JRu4Xs5kYG4ognk2P,wallpapers
purple puzzle wall,https://acnhcdn.com/latest/FtrIcon/RoomTexWallPuzzle03.png,No,NA,No,1540,385,Purple,Colorful,Nook's Cranny,,For sale,Single Pane,White Metal,Glass,Slatted Blinds,White Plastic,Cloth,None,None,None,Puzzle Walls,1.0.0,RoomTexWallPuzzle03,6875,iG8MR3f2F2jDsLjT9,wallpapers
purple quilt wall,https://acnhcdn.com/latest/FtrIcon/RoomTexWallDollhouse03.png,No,NA,No,2150,537,Purple,White,Nook's Cranny,,For sale,Four Pane,White Wood,Glass,Curtains,White Lace,Wood,fancy,child's room,None,Dollhouse Walls,1.0.0,RoomTexWallDollhouse03,7275,tmY5uczEnYXA6fdeQ,wallpapers
purple-rose wall,https://acnhcdn.com/latest/FtrIcon/RoomTexWallRose01.png,No,NA,No,1720,430,Purple,Purple,Nook's Cranny,,For sale,Arch,Grey Metal,Glass,None,NA,Stone,fancy,None,None,Rose Walls,1.0.0,RoomTexWallRose01,4907,kHEHhFZSfDXTHtZAa,wallpapers
rammed-earth wall,https://acnhcdn.com/latest/FtrIcon/RoomTexWallHanchiku00.png,No,NA,No,1800,450,Brown,Beige,Nook's Cranny,,For sale,None,NA,NA,None,NA,Stone,folk art,None,None,Stone Walls,1.0.0,RoomTexWallHanchiku00,4845,9AafcLh3QkLp2tdWj,wallpapers
ramshackle wall,https://acnhcdn.com/latest/FtrIcon/RoomTexWallRuins00.png,No,NA,No,3000,750,Brown,Beige,Saharah,,Not for sale,Four Pane,Dark Wood,Glass,None,NA,Wood,horror,None,None,Stone Walls,1.0.0,RoomTexWallRuins00,5225,bTb98gEchXobwaqdt,wallpapers
red art-deco wall,https://acnhcdn.com/latest/FtrIcon/RoomTexWallArtDeco01.png,No,NA,No,2780,695,Red,Black,Nook's Cranny,,For sale,Arch,Grey Metal,Glass,None,NA,Wood,child's room,living room,None,Art Deco Walls,1.0.0,RoomTexWallArtDeco01,4818,R3zgKkrxc3ar4y9A8,wallpapers
red delicate-blooms wall,https://acnhcdn.com/latest/FtrIcon/RoomTexWallManor01.png,No,NA,No,1900,475,Red,Brown,Nook's Cranny,,For sale,Four Pane,Dark Wood,Glass,Roller Shades,Undyed,Wood,expensive,living room,None,Manor Walls,1.0.0,RoomTexWallManor01,4897,F7oWFwEAh4evtkJcb,wallpapers
red dotted wall,https://acnhcdn.com/latest/FtrIcon/RoomTexWallDot02.png,No,NA,No,1100,275,Red,Red,Nook's Cranny,,For sale,Four Pane,White Wood,Glass,Curtains,White,Cloth,fancy,child's room,None,Dot,1.0.0,RoomTexWallDot02,4900,3mfqbt8sXR88eDfTk,wallpapers
red heart-pattern wall,https://acnhcdn.com/latest/FtrIcon/RoomTexWallHeart03.png,No,NA,No,1280,320,Red,Red,Nook's Cranny,,For sale,Four Pane,White Wood,Glass,Roller Shades,White,Wood,fancy,child's room,None,Heart Walls,1.0.0,RoomTexWallHeart03,6870,TPrtAkkWJa7KpLady,wallpapers
red intricate wall,https://acnhcdn.com/latest/FtrIcon/RoomTexWallFlowerPop03.png,No,NA,No,1570,392,Red,White,Nook's Cranny,,For sale,Four Pane,Grey Wood,Glass,Roller Shades,White,Tile,living room,shop,None,Flower Pop Walls,1.0.0,RoomTexWallFlowerPop03,6879,yasngHr44QgXc9tYs,wallpapers
red perforated-board wall,https://acnhcdn.com/latest/FtrIcon/RoomTexWallPegboard03.png,No,NA,No,1180,295,Red,Red,Nook's Cranny,,For sale,None,NA,NA,None,NA,Stone,music,facility,None,Pegboard Walls,1.0.0,RoomTexWallPegboard03,6853,TCLSE3BdkCQeiM7wX,wallpapers
red two-toned tile wall,https://acnhcdn.com/latest/FtrIcon/RoomTexWallTwoToneTile03.png,No,NA,No,1850,462,Red,Red,Nook's Cranny,,For sale,Sliding Pane,White Metal,Glass,None,NA,Wood,bathroom,facility,None,Two-Tone Tile Walls,1.0.0,RoomTexWallTwoToneTile03,6856,u9dKmtft32t4cxxiW,wallpapers
red-brick wall,https://acnhcdn.com/latest/FtrIcon/RoomTexWallBrick01.png,No,NA,No,1000,250,Red,Brown,Nook's Cranny,,For sale,Four Pane,Dark Wood,Glass,None,NA,Wood,facility,shop,None,Brick,1.0.0,RoomTexWallBrick01,4928,Hu3jyiCP23j78PCdX,wallpapers
retro flower-print wall,https://acnhcdn.com/latest/FtrIcon/RoomTexWallKitsch00.png,No,NA,No,1660,415,Green,Green,Nook's Cranny,,For sale,Four Pane,White Wood,Glass,Curtains,White Lace,Plain,fancy,living room,None,Cloth Walls,1.0.0,RoomTexWallKitsch00,4847,MdWwebM7zyeBdykxp,wallpapers
rice-paddy wall,https://acnhcdn.com/latest/FtrIcon/RoomSpWallFarm00.png,Yes,Synchro,No,3000,750,Light blue,Green,Saharah,,Not for sale,None,NA,NA,None,NA,Plain,garden,None,None,Special Cool Nature Walls,1.0.0,RoomSpWallFarm00,5487,TnHvGeJGKioxc95mH,wallpapers
ringside seating,https://acnhcdn.com/latest/FtrIcon/RoomSpWallWrestling00.png,Yes,NA,No,3000,750,Black,Black,Saharah,,Not for sale,None,NA,NA,None,NA,Stone,fitness,None,None,Special Walls,1.0.0,RoomSpWallWrestling00,5512,bg9rQRYAbzeD8rLCw,wallpapers
rock-climbing wall,https://acnhcdn.com/latest/FtrIcon/RoomTexWallBouldering00.png,No,NA,No,3000,750,White,Colorful,Saharah,,Not for sale,None,NA,NA,None,NA,Wood,fitness,None,None,Neta Walls,1.0.0,RoomTexWallBouldering00,4851,CRvqDNWfXzY2ibXvG,wallpapers
rose wall,https://acnhcdn.com/latest/FtrIcon/RoomTexWallRose00.png,No,NA,No,1720,430,Red,White,Nook's Cranny,,For sale,Arch,Wood,Glass,None,NA,Stone,fancy,None,None,Rose Walls,1.0.0,RoomTexWallRose00,4906,azgSWFRcgeuopRWrH,wallpapers
ruins wall,https://acnhcdn.com/latest/FtrIcon/RoomTexWallRemains00.png,No,NA,No,3000,750,Black,Gray,Saharah,,Not for sale,None,NA,NA,None,NA,Stone,horror,folk art,None,Nature Walls,1.0.0,RoomTexWallRemains00,5228,ZHiKhqts5brebhYH9,wallpapers
rustic-stone wall,https://acnhcdn.com/latest/FtrIcon/RoomTexWallStone00.png,No,NA,Yes,NFS,1750,Gray,Gray,Crafting,,Not for sale,Four Pane,Dark Wood,Glass,None,NA,Wood,facility,shop,None,Stone Walls,1.0.0,RoomTexWallStone00,4813,xP7S673w2oNwNHowp,wallpapers
sakura-wood wall,https://acnhcdn.com/latest/FtrIcon/RoomTexWallSolidWood00.png,No,NA,Yes,NFS,3200,Pink,Pink,Crafting,Cherry blossom seasonal DIY using cherry-blossom petals (caught with net),Not for sale,Four Pane,Grey Wood,Glass,Curtains,Pink,Tile,child's room,fancy,cherry blossoms,Wood Walls,1.0.0,RoomTexWallSolidWood00,4947,jFtMrj8NBC3o4ALzG,wallpapers
sci-fi wall,https://acnhcdn.com/latest/FtrIcon/RoomSpWallSF00.png,Yes,Random,Yes,NFS,7500,Black,Black,Crafting,,Not for sale,None,NA,NA,None,NA,Wood,space,facility,None,Special Inorganic Walls,1.0.0,RoomSpWallSF00,5510,y48TLWMbXCbrWQp5a,wallpapers
screen wall,https://acnhcdn.com/latest/FtrIcon/RoomTexWallFusuma00.png,No,NA,No,3000,750,White,White,Nook's Cranny,,For sale,None,NA,NA,None,NA,Plain,zen-style,facility,None,Japanese Style,1.0.0,RoomTexWallFusuma00,4819,wk4ST89FjabXnZPXy,wallpapers
sea view,https://acnhcdn.com/latest/FtrIcon/RoomSpWallSeaView00.png,Yes,Synchro,No,3000,750,Light blue,Blue,Saharah,,Not for sale,None,NA,NA,None,NA,Tile,ocean,None,None,Special Cool Nature Walls,1.0.0,RoomSpWallSeaView00,5501,fHQn9EzoTxznm7nJ9,wallpapers
security-monitors wall,https://acnhcdn.com/latest/FtrIcon/RoomSpWallMonitor00.png,Yes,Random,No,3000,750,Black,Gray,Saharah,,Not for sale,None,NA,NA,None,NA,Cloth,facility,None,None,Special Inorganic Walls,1.0.0,RoomSpWallMonitor00,5491,N6T3rBvQdYoJoXkrH,wallpapers
sepia puzzle wall,https://acnhcdn.com/latest/FtrIcon/RoomTexWallPuzzle02.png,No,NA,No,1540,385,Beige,Colorful,Nook's Cranny,,For sale,Single Pane,White Metal,Glass,Slatted Blinds,White Plastic,Tile,fancy,child's room,None,Puzzle Walls,1.0.0,RoomTexWallPuzzle02,6874,2mtYv7D25wDqMWi6P,wallpapers
server-room wall,https://acnhcdn.com/latest/FtrIcon/RoomSpWallServer00.png,Yes,Random,No,3000,750,Black,Black,Saharah,,Not for sale,None,NA,NA,None,NA,Wood,facility,None,None,Special Inorganic Walls,1.0.0,RoomSpWallServer00,5490,ycnhxNaWfeXEq5x7A,wallpapers
shoji screen,https://acnhcdn.com/latest/FtrIcon/RoomSpWallShoji00.png,Yes,NA,No,1880,470,Beige,White,Nook's Cranny,,For sale,None,NA,NA,None,NA,Stone,zen-style,None,None,Japanese Style,1.0.0,RoomSpWallShoji00,4863,5RdqeAZAvdCR5QxqM,wallpapers
shutter wall,https://acnhcdn.com/latest/FtrIcon/RoomTexWallShutter00.png,No,NA,No,3000,750,White,Gray,Saharah,,Not for sale,None,NA,NA,None,NA,Plain,facility,shop,None,Iron Walls,1.0.0,RoomTexWallShutter00,4825,4ez74JDpR9kmiroQr,wallpapers
ski-slope wall,https://acnhcdn.com/latest/FtrIcon/RoomSpWallGelande00.png,Yes,Synchro,Yes,NFS,3200,White,White,Crafting,Winter seasonal DIY using snowflakes (caught with net),Not for sale,None,NA,NA,None,NA,Cloth,freezing cold,None,None,Special Cool Nature Walls,1.0.0,RoomSpWallGelande00,5498,hCdDcFDBWEe6pmctp,wallpapers
skull wall,https://acnhcdn.com/latest/FtrIcon/RoomSpWallSkull00.png,Yes,LightOff,No,3000,750,Black,Black,Nook's Cranny,,For sale,Single Pane,Black Metal,Glass,Slatted Blinds,Black Plastic,Plain,horror,child's room,None,Special Inorganic Walls,1.0.0,RoomSpWallSkull00,5520,7GLt2YDxMDyp8EJth,wallpapers
sky wall,https://acnhcdn.com/latest/FtrIcon/RoomSpWallCloud00.png,Yes,Synchro,No,3000,750,Light blue,White,Saharah,,Not for sale,None,NA,NA,None,NA,Stone,fancy,None,None,Special Cool Nature Walls,1.0.0,RoomSpWallCloud00,5504,9YmTrPqSZRCvxRtLi,wallpapers
skyscraper wall,https://acnhcdn.com/latest/FtrIcon/RoomTexWallSkyscraper00.png,No,NA,No,3000,750,Black,Gray,Saharah,,Not for sale,None,NA,NA,None,NA,Cloth,expensive,None,None,Neta Walls,1.0.0,RoomTexWallSkyscraper00,4852,Ah36ZRM9QBHBt7HZF,wallpapers
snowflake wall,https://acnhcdn.com/latest/FtrIcon/RoomTexWallSnowCrystal00.png,No,NA,Yes,NFS,4800,Light blue,Light blue,Crafting,Winter seasonal DIY using snowflakes (caught with net),Not for sale,Four Pane,Grey Wood,Glass,Roller Shades,White,Wood,freezing cold,None,None,Cloth Walls,1.0.0,RoomTexWallSnowCrystal00,4855,w5MEjbgphAwDo42mk,wallpapers
soothing tearoom wall,https://acnhcdn.com/latest/FtrIcon/RoomTexWallMud01.png,No,NA,No,1750,437,White,Beige,Nook's Cranny,,For sale,Circle,Natural Wood,Screen,None,NA,Wood,zen-style,shop,None,Tea Room Walls,1.0.0,RoomTexWallMud01,11177,Bke28iGoY3LhDagx4,wallpapers
stacked-wood wall,https://acnhcdn.com/latest/FtrIcon/RoomTexWallFireWood00.png,No,NA,Yes,NFS,1800,Brown,Brown,Crafting,,Not for sale,None,NA,NA,None,NA,Plain,garage,facility,None,Wood Walls,1.0.0,RoomTexWallFireWood00,4844,TZi9bo7GYzJxPJNNe,wallpapers
stadium wall,https://acnhcdn.com/latest/FtrIcon/RoomSpWallStadium00.png,Yes,NA,No,3000,750,Colorful,Colorful,Saharah,,Not for sale,None,NA,NA,None,NA,Wood,fitness,None,None,Special Cool Nature Walls,1.0.0,RoomSpWallStadium00,5503,oJoGTXMzLnYTpdBaf,wallpapers
standard tearoom wall,https://acnhcdn.com/latest/FtrIcon/RoomTexWallMud00.png,No,NA,No,1750,437,Green,Green,Nook's Cranny,,For sale,Circle,Natural Wood,Screen,None,NA,Cloth,zen-style,None,None,Tea Room Walls,1.0.0,RoomTexWallMud00,5521,4Zv8KLzxrsm6k53pN,wallpapers
starry wall,https://acnhcdn.com/latest/FtrIcon/RoomSpWallStarPrint00.png,Yes,LightOff,Yes,NFS,7500,Gray,White,Crafting,,Not for sale,Four Pane,White Wood,Glass,Roller Shades,White,Plain,fancy,child's room,None,Special Cool Nature Walls,1.0.0,RoomSpWallStarPrint00,5528,sjnLXANKDEPMzdGbn,wallpapers
starry-sky wall,https://acnhcdn.com/latest/FtrIcon/RoomSpWallStarSky00.png,Yes,NA,Yes,NFS,7500,Blue,Blue,Crafting,,Not for sale,None,NA,NA,None,NA,Stone,space,None,stars,Special Cool Nature Walls,1.0.0,RoomSpWallStarSky00,5500,iMQgW8pWYPWbj9Qom,wallpapers
stately wall,https://acnhcdn.com/latest/FtrIcon/RoomTexWallRenaissance00.png,No,NA,No,2450,612,White,White,Nook's Cranny,,For sale,None,NA,NA,None,NA,Stone,expensive,None,None,Asia,1.0.0,RoomTexWallRenaissance00,4861,BdPATBHc8m7YvJzwP,wallpapers
steel-frame wall,https://acnhcdn.com/latest/FtrIcon/RoomTexWallSteel00.png,No,NA,Yes,NFS,6000,Red,Gray,Crafting,,Not for sale,None,NA,NA,None,NA,Stone,garage,facility,None,Iron Walls,1.0.0,RoomTexWallSteel00,4801,K2uSKanJ3r6bQt6MG,wallpapers
stone wall,https://acnhcdn.com/latest/FtrIcon/RoomTexWallBasement00.png,No,NA,Yes,NFS,1500,Black,Gray,Crafting,,Not for sale,None,NA,NA,None,NA,Plain,horror,facility,None,Stone Walls,1.0.0,RoomTexWallBasement00,5216,8hnPcADHfoEpvgSAS,wallpapers
stormy-night wall,https://acnhcdn.com/latest/FtrIcon/RoomSpWallThunder00.png,Yes,Random,No,3000,750,Black,Gray,Saharah,,Not for sale,None,NA,NA,None,NA,Stone,horror,None,None,Special Warm Nature Walls,1.0.0,RoomSpWallThunder00,5499,Y3sjyMeHtDFcdBfrM,wallpapers
straw wall,https://acnhcdn.com/latest/FtrIcon/RoomTexWallStraw00.png,No,NA,No,3000,750,Beige,Beige,Saharah,,Not for sale,None,NA,NA,None,NA,Tile,folk art,None,None,Wood Walls,1.0.0,RoomTexWallStraw00,5217,u3orRaGAX2iwdtCLG,wallpapers
strawberry-chocolate wall,https://acnhcdn.com/latest/FtrIcon/RoomTexWallChocolate02.png,No,NA,No,3000,750,Pink,Pink,Saharah,,Not for sale,None,NA,NA,None,NA,Stone,fancy,None,None,Chocolate,1.0.0,RoomTexWallChocolate02,4934,G5QeNa2L26MwuCexA,wallpapers
street-art wall,https://acnhcdn.com/latest/FtrIcon/RoomTexWallStreetArt00.png,No,NA,No,3000,750,Colorful,Colorful,Saharah,,Not for sale,None,NA,NA,None,NA,Plain,garage,None,None,Neta Walls,1.0.0,RoomTexWallStreetArt00,5221,88hCuytidryqimPXr,wallpapers
summit wall,https://acnhcdn.com/latest/FtrIcon/RoomSpWallMountainTop00.png,Yes,Synchro,No,3000,750,Black,White,Saharah,,Not for sale,None,NA,NA,None,NA,Stone,garden,None,None,Special Cool Nature Walls,1.0.0,RoomSpWallMountainTop00,5513,hFmF2iNjDvLGfF3Rf,wallpapers
tree-lined wall,https://acnhcdn.com/latest/FtrIcon/RoomTexWallRoadsideTree00.png,No,NA,No,3000,750,Green,Light blue,Saharah,,Not for sale,None,NA,NA,None,NA,Plain,garden,None,None,Nature Walls,1.0.0,RoomTexWallRoadsideTree00,5456,aLzrLXC7Nyk6h6pDw,wallpapers
tropical vista,https://acnhcdn.com/latest/FtrIcon/RoomSpWallTropical00.png,Yes,Synchro,Yes,NFS,6000,Light blue,Beige,Crafting,Summer seasonal DIY using summer shells (found on beach),Not for sale,None,NA,NA,None,NA,Plain,ocean,None,None,Special Cool Nature Walls,1.0.0,RoomSpWallTropical00,5661,sZgNFwEcxpLSAxB4X,wallpapers
underwater wall,https://acnhcdn.com/latest/FtrIcon/RoomSpWallFishTank00.png,Yes,Synchro,Yes,NFS,8600,Blue,Light blue,Crafting,Summer seasonal DIY using summer shells (found on beach),Not for sale,None,NA,NA,None,NA,Stone,ocean,None,None,Special Cool Nature Walls,1.0.0,RoomSpWallFishTank00,5508,QXNnruZcwJursNmjP,wallpapers
wavy-tile wall,https://acnhcdn.com/latest/FtrIcon/RoomTexWallWaveTile00.png,No,NA,No,1740,435,Gray,White,Nook's Cranny,,For sale,None,NA,NA,None,NA,Plain,shop,facility,None,Tile Walls,1.0.0,RoomTexWallWaveTile00,4832,eLQ2JDZKjrzcnP9gn,wallpapers
wedding-party wall,https://acnhcdn.com/latest/FtrIcon/RoomTexWallJuneBride00.png,,,No,1750,437.5,None,None,Wedding Season,,Not for sale,,,,,,,party,expensive,wedding,Cloth Walls,1.2.0,RoomTexWallJuneBride00,12461,xT6kyFtbGPpR8nRM3,wallpapers
western vista,https://acnhcdn.com/latest/FtrIcon/RoomSpWallWilderness00.png,Yes,Synchro,No,3000,750,Brown,Beige,Saharah,,Not for sale,None,NA,NA,None,NA,Stone,folk art,horror,None,Special Cool Nature Walls,1.0.0,RoomSpWallWilderness00,5489,tYFKmm4XzGGGQAcfG,wallpapers
white botanical-tile wall,https://acnhcdn.com/latest/FtrIcon/RoomTexWallWoodTile00.png,No,NA,No,1240,310,White,White,Nook's Cranny,,For sale,Single Pane,White Wood,Glass,Slatted Blinds,White Plastic,Wood,facility,expensive,None,Wood Tile Walls,1.0.0,RoomTexWallWoodTile00,4826,QyrvwKiKMmNvm7KxR,wallpapers
white delicate-blooms wall,https://acnhcdn.com/latest/FtrIcon/RoomTexWallManor00.png,No,NA,No,1900,475,White,White,Nook's Cranny,,For sale,Four Pane,Dark Wood,Glass,Roller Shades,Undyed,Wood,expensive,living room,None,Manor Walls,1.0.0,RoomTexWallManor00,4891,ZDpt8b6TTGr2hihP5,wallpapers
white hallway wall,https://acnhcdn.com/latest/FtrIcon/RoomTexWallHall02.png,No,NA,No,2000,500,White,White,Nook's Cranny,,For sale,None,NA,NA,None,NA,Stone,facility,music,None,Hall Walls,1.0.0,RoomTexWallHall02,6861,HZoM3iHpKrQPBK2Gh,wallpapers
white honeycomb-tile wall,https://acnhcdn.com/latest/FtrIcon/RoomTexWallHoneycomb03.png,No,NA,No,1680,420,White,White,Nook's Cranny,,For sale,Sliding Pane,White Metal,Glass,None,NA,Wood,bathroom,facility,None,Honeycomb,1.0.0,RoomTexWallHoneycomb03,4914,K8mdzBZZeBLxZEAzZ,wallpapers
white painted-wood wall,https://acnhcdn.com/latest/FtrIcon/RoomTexWallPaintWood03.png,No,NA,No,1650,412,White,White,Nook's Cranny,,For sale,Four Pane,White Wood,Glass,None,NA,Tile,living room,child's room,None,Painted Wood,1.0.0,RoomTexWallPaintWood03,4803,cN4bnHaw4mruhnMZk,wallpapers
white perforated-board wall,https://acnhcdn.com/latest/FtrIcon/RoomTexWallPegboard00.png,No,NA,No,1180,295,White,White,Nook's Cranny,,For sale,None,NA,NA,None,NA,Wood,music,facility,None,Pegboard Walls,1.0.0,RoomTexWallPegboard00,4920,krohWS7x49N2hCKrF,wallpapers
white simple-cloth wall,https://acnhcdn.com/latest/FtrIcon/RoomTexWallSimple00.png,No,NA,No,750,187,White,White,Nook's Cranny,,For sale,Four Pane,Light Wood,Glass,Curtains,White,Stone,child's room,living room,None,Simple Walls,1.0.0,RoomTexWallSimple00,4939,z2Zh2fzFwCbvMDm8J,wallpapers
white subway-tile wall,https://acnhcdn.com/latest/FtrIcon/RoomTexWallMetro01.png,No,NA,No,1340,335,White,White,Nook's Cranny,,For sale,Sliding Pane,White Metal,Glass,None,NA,Wood,facility,shop,None,Metro Walls,1.0.0,RoomTexWallMetro01,4941,ajXm5zy9pwf7XEyHF,wallpapers
white wedding wall,https://acnhcdn.com/latest/FtrIcon/RoomSpWallChurch00.png,,,No,3000,750,None,None,Wedding Season,,Not for sale,,,,,,,party,expensive,wedding,Cloth Walls,1.2.0,RoomSpWallChurch00,12466,mKuptCLkH2MknX2PN,wallpapers
white-brick wall,https://acnhcdn.com/latest/FtrIcon/RoomTexWallBrick00.png,No,NA,No,1000,250,White,White,Nook's Cranny,,For sale,Four Pane,White Wood,Glass,None,NA,Tile,facility,shop,None,Brick,1.0.0,RoomTexWallBrick00,4927,htjwxjceb2hc6GxjX,wallpapers
white-chocolate wall,https://acnhcdn.com/latest/FtrIcon/RoomTexWallChocolate01.png,No,NA,No,3000,750,White,Beige,Saharah,,Not for sale,None,NA,NA,None,NA,Wood,fancy,None,None,Chocolate,1.0.0,RoomTexWallChocolate01,4933,6qMhFdc2nDSvJSCfT,wallpapers
white-rose wall,https://acnhcdn.com/latest/FtrIcon/RoomTexWallRose02.png,No,NA,No,1720,430,Pink,White,Nook's Cranny,,For sale,Arch,Grey Metal,Glass,None,NA,Stone,fancy,None,None,Rose Walls,1.0.0,RoomTexWallRose02,6868,yksDvcnnKqM7tnzas,wallpapers
wild-wood wall,https://acnhcdn.com/latest/FtrIcon/RoomTexWallWildWood00.png,No,NA,Yes,NFS,1800,Black,Black,Crafting,,Not for sale,Single Pane,Dark Wood,Glass,Slatted Blinds,Dark Brown Wood,Wood,living room,shop,None,Wood Walls,1.0.0,RoomTexWallWildWood00,4858,vhJr7B96SnG3xQQCs,wallpapers
wooden-knot wall,https://acnhcdn.com/latest/FtrIcon/RoomTexWallCedar00.png,No,NA,Yes,NFS,1800,Brown,Brown,Crafting,,Not for sale,Four Pane,Natural Wood,Glass,Roller Shades,Undyed,Stone,living room,child's room,None,Wood Walls,1.0.0,RoomTexWallCedar00,4911,puQYs9hygxfcQWsjt,wallpapers
wooden-mosaic wall,https://acnhcdn.com/latest/FtrIcon/RoomTexWallMixPlankWood00.png,No,NA,Yes,NFS,1800,Brown,Brown,Crafting,,Not for sale,Single Pane,Natural Wood,Glass,Slatted Blinds,Brown Wood,Stone,living room,shop,None,Wood Plank Walls,1.0.0,RoomTexWallMixPlankWood00,4859,RgzoarteJyzD4xSAm,wallpapers
woodland wall,https://acnhcdn.com/latest/FtrIcon/RoomTexWallJukai00.png,No,NA,Yes,NFS,1380,Green,Green,Crafting,,Not for sale,None,NA,NA,None,NA,Wood,horror,facility,None,Nature Walls,1.0.0,RoomTexWallJukai00,5223,2B4YTYqnm64vgANY4,wallpapers
yellow flower-print wall,https://acnhcdn.com/latest/FtrIcon/RoomTexWallFlower02.png,No,NA,No,1780,445,Yellow,Yellow,Nook's Cranny,,For sale,Four Pane,Dark Wood,Glass,Curtains,Yellow,Cloth,fancy,living room,None,Flower Walls,1.0.0,RoomTexWallFlower02,6872,esknqzcAenk8uqzYk,wallpapers
yellow heart-pattern wall,https://acnhcdn.com/latest/FtrIcon/RoomTexWallHeart02.png,No,NA,No,1280,320,Yellow,Yellow,Nook's Cranny,,For sale,Four Pane,White Wood,Glass,Roller Shades,White,Wood,fancy,child's room,None,Heart Walls,1.0.0,RoomTexWallHeart02,6871,BqWMEqc2tL8CnPAmd,wallpapers
yellow intricate wall,https://acnhcdn.com/latest/FtrIcon/RoomTexWallFlowerPop01.png,No,NA,No,1570,392,Yellow,White,Nook's Cranny,,For sale,Four Pane,Grey Wood,Glass,Roller Shades,White,Cloth,living room,shop,None,Flower Pop Walls,1.0.0,RoomTexWallFlowerPop01,4849,FrZas8MjMdjDTPvkX,wallpapers
yellow playroom wall,https://acnhcdn.com/latest/FtrIcon/RoomTexWallToy03.png,No,NA,No,2540,635,Yellow,Yellow,Nook's Cranny,,For sale,Sliding Pane,White Metal,Glass,None,NA,Cloth,child's room,fancy,None,Toy Walls,1.0.0,RoomTexWallToy03,6865,mraytANoYBQvA8qAk,wallpapers
yellow quilt wall,https://acnhcdn.com/latest/FtrIcon/RoomTexWallDollhouse02.png,No,NA,No,2150,537,Yellow,White,Nook's Cranny,,For sale,Four Pane,White Wood,Glass,Curtains,White Lace,Wood,fancy,child's room,None,Dollhouse Walls,1.0.0,RoomTexWallDollhouse02,7276,ysEdh2vpCpg5qBcNg,wallpapers
yellow simple-cloth wall,https://acnhcdn.com/latest/FtrIcon/RoomTexWallSimple01.png,No,NA,No,750,187,Beige,Yellow,Nook's Cranny,,For sale,Four Pane,White Wood,Glass,Curtains,White,Stone,child's room,living room,None,Simple Walls,1.0.0,RoomTexWallSimple01,4867,7sSXFNqcYgPMcGY8k,wallpapers
yellow-paint wall,https://acnhcdn.com/latest/FtrIcon/RoomTexWallStucco00.png,No,NA,No,1600,400,Yellow,Yellow,Nook's Cranny,,For sale,Four Pane,Natural Wood,Glass,None,NA,Cloth,fancy,child's room,None,Stucco Walls,1.0.0,RoomTexWallStucco00,4808,TySAA4kKqyvGGeZ5C,wallpapers
yellow-striped wall,https://acnhcdn.com/latest/FtrIcon/RoomTexWallStripe04.png,No,NA,No,1520,380,Yellow,Beige,Nook's Cranny,,For sale,Four Pane,White Wood,Glass,Roller Shades,White,Cloth,fancy,child's room,None,Stripe Walls,1.0.0,RoomTexWallStripe04,4946,N6sef3YhY973LDgdR,wallpapers